Luas sekali, ada kolam renang. Di belakang ada taman luas sekali, ada kolam ikan yang besar. Bisa buat main bebek-bebekan. Bayarnya 30rb-an. Cocok untuk acara kumpul-kumpul. Harga makanannya mungkin agak mahal untuk ukuran mahasiswa.
Pelayanan cepat... Makanan nya enak...
Kesana untuk keperluan mancing saja, utk makanan, belum pesan, hanya pesan minuman. Kalau hanya purpose mancing dijamin puas, ikan besar dan cepat dapat dibandingkan Westlake, spot manapun ada ikan, dan kolamnya luas banget, apalagi lokasi tidak jauh dari perkotaan dan dekat dengan rumah, puas!!
Tempat yang nyaman untuk berkumpul bersama keluarga, atau acara. Kolam renang bisa digunakan tapi sayang airnya cukup kotor. Kupon untuk memancing bisa digunakan untuk pembelian makan di tempat. Rasa masakan juga standard
Tempatnya enak buat bersantai bersama keluarga. Ada kolam renang & bisa sekalian makan jg.
Tempat makan dan bermain bagi anak2, ramah anak. Kolam renang dari.anak sampai dewasa. Ada yg jualan baju renang juga. Kamar mandi bersih. Rasa dari menu makannya enak.  Harga standar. Parkiran sangat luas.
Tempatnya sangat luas, tersedia kolam renang untuk anak dan dewasa dilengkapi dengan toilet yang banyak & mushola, juga ada tempat pemancingan. Ikan dan udangnya betul-betul fresh karena hasil ternak sendiri. Harga juga sebanding dengan rasa, pelayanan, & suasana. Really worth it.
Parkir luas, tempat sangat luas dan nyaman, tidak hanya utk makan tetapi juga utk berenang (di sana ada toko yg menjual baju renang) dan juga berjalan2 di taman.
Bagusss. Free wifi
Tempat luas..nyaman. Bisa momong anak di kolam renang. Makanan lezat... Tempat makan nyaman. Satu saran saja... Alangkah baiknya lokasi mancing diberikan pagar agar asyik buat mancing keluarga....aman.
Tempat yang sejuk dan santai sambil menemani anak main air
Setiap minggu selalu bawa anak untuk pergi les berenang kesini. Kolam renang nya bersih dan luas, tiket masuknya juga relatif murah, 20rb/orang. Untuk makanannya sendiri agak mahal, tapi untuk rasa lumayan enak juga.
Restoran yang terintegrasi dengan tempat rekreasi, didalam restoran ini terdapat kolam renang yang cocok untuk anak-anak dan ada pula danau dibagikan paling belakang untuk memancing. Cocok untuk bersantai menghabiskan waktu di akhir pekan. Harga makanan yang ditawarkan tidak terlalu mahal dan enak. Banyumili juga dapat digunakan untuk tempat reuni dan berkumpul dalam jumlah besar.
Menu makanan seafood dengan pemandangan kolam renang dikelilingi pohon rindang. Harga makanan sesuai dengan kelezatan makanannya. Ada paket dan menu sesuai dengan jumlah orang. Cocok untuk disantap bersama keluarga besar.. yang mengganggu itu adalah mejanya. Amis sekali, khas meja rumah makan seafood. Dibersihkan sama waiternya tp sepertinya tdk menggunakan lap yang bersih. Alhasil ya baunya tidak hilang. Bau amis di meja ini akan sangat terasa saat makanan belum dihidangkan. belum pernah berenang di sini sih jdi td bs review deh.
Tempatnya enak dan luas, terbagi menjadi outdoor dan semi indoor. Ada kolam renangnya yang ukurannya lumayan. Di bagian bawah dekat danau ada area terbuka yang sangat luas, cocok buat acara gathering kantor atau bahkan nikahan. Kalau malam hari suasananya asyik.
Kesini ga kehitung brp kali,enak makanannya,view danaunya keren,bersih,sejuk,parkiran luas  Buat meeting juga bisa,ada kolam renang,mau kolam renang dewasa atau anak2 juga ada.
Makanannya enak tempat rekomended utk keluarga
Menyenangkan bagi anak2 karena bisa main air/berenang sepuasnya.. Utk yg nungguin tdk byr. Hny yg renang saja..good Semoga makin sukses trsğŸ‘ğŸ‘
Harga sebanding dengan tempat dan rasanya
Suka bgt tempatnya nyaman dan luas.. harga makanan sebanding dengan tempatnya.. bisa seharian main disini.. nyaman untuk anak2 dan keluarga besar. sayangnya terakhir ksini kolam renang sedang di renov..
Banyu Mili memiliki tempat yang luas. Terletak di dalam komplek Griya Mahkota. Resto yang cocok untuk makan bersama keluarga atau kelompok. Makanan yang disediakan kebanyakan adalah makanan laut. Rasanya enak.  Kita bisa memesan makanan secara satuan atau paket. Tersedia paket untuk 6, 8, atau 10 orang. Bisa duduk di kursi atau lesehan.  Ada juga fasilitas kolam renang. Kolam renang dewasa dan kolam renang anak. Di kolam renang anak, tersedia wahana bermain air. Harga tiket masuknya Rp20.000/orang. Lebih enak jika berenang di pagi hari sekitar jam 07.30 karena belum panas dan masih sepi.
Tempat enak wat makan sambil nyenengin anak maen aer...
Tempat yg baik untuk menikmati makan metting dan bemain bersama keluarga
Kolam renang luas, suasana juga sebenarnya enak. Cuma sayangnya masakan yg saya suka cuma udangnya. Rasa masakan yg lain biasa aja, pdhl harganya mahal ğŸ˜‘ğŸ˜‘ğŸ˜‘. Dan saya juga sering nemu meja kotor gk langsung dibersihin, pdhl karyawannya banyak.
Bihun..capcay kuah..gurame..udang,ca kangkung..sambalnyaa rasanya recomended..enaaak smua
Masakannya enak, ikannya sama skali ga bau tanah. Dan sambelnya nampol. Es klapanya juga enak. Termasuk resto yg murah meriah untuk kumpul bareng kluarga. Tiket renangnya jg murah cuma 25rb.
Tempat nyaman, ada kolam renang, danau buatan, parkir luas, dan bisa buat tempat resepsi di tepi danau. Tempat untuk bilas juga bersih dan cukup banyak. Harga mknan standard restoran, parkir mobil jg wajar (2000). Lokasi cukup mudah dijangkau meski bkn dipinggir jln raya.
Utk penjaga renang gak jelas. Mungkin kalo berenang ga bayar ga ketauan. Ga dimintai tiket di depannya. Yg penting pesen makan doang. Mahal tapi enak
Hanya sekedar mancing dan maka siang. Makanan biasa saja. Manfing disini lumayan luas tempatnya. Cuma harus sabar.
Mei 2022, air kolam keruh banget, lantai bawah meja kotor banyak sisa2 makanan, malah ada yg kaya muntahan. Saya duduk di meja H19. Tambah kesel lagi waktu pulang tukang parkirnya ngga kasi kembalian uang parkir.
Tempat yg sangat nyaman n cocok buat keluarga atau utk kegiatan family gathering sekolah, kantor, perusahaan. Tempatnya luas, ada kolam renang/waterboom anak-anak dan makanannya pun enak, banyak pilihan menunya dan bisa mancing ikan sendiri.ğŸ˜„ğŸ‘ğŸ‘
Resto dg kolam renang yg pas untuk venue lebaran bersama keluarga besar.. Ada danau yg bisa untuk mancing jg.. Lokasinya dalam ringroad lagi.. Sip dah..
Instagramable banget, cozzy bingitz. Ada kolam renangnya, ada danau alaminya jugaa ğŸ¤© Jadi tempat pilihan kalau ingin berlibur bersama keluarga.  Menu udang jadi andalan di sini.  Tapi kalau alergi seafood, tersedia juga ayam goreng dan sayuran yang lezat
Lebih baik pengunjung sebelum membeli tiket berenang diberitahu peraturan harus memakai baju renang. Anak saya tidak membawa baju renang (karena kalau beli sdh punya bbrp dirumah) tidak boleh berenang kata crew sdh peraturan. Sdh beli tiket berenang. Makan bersama keluarga besar. Tetapi tidak boleh berenang.   Insya Allah saya tidak akan datang lagi.
Jika anak anda belum bisa berenang, disini tempat yang ideal untuk belajar berenang. Selagi anak berenang, orang tua bisa menikmati berbagai macam menu masakan yang tersedia, sambil relax menikmati semilir angin dan gemericik air.
Tempat sih oke , luas, nyaman, makanan biasa aja
Lokasi lumayan strategis, makanan so-so, rame Keunggulan: ada waterpark buat bocah Kekurangan: makanan datengnya lama dan pas ada menu yg habis, gak cfm ke pengunjung Overall: makanannya lama, untungnya ada waterpark jadi bocah bisa maen dlu
Oke banyu mili ini sekarang dia gabung sama sinten (studio foto jawa) jadi bagian depannya itu bagus banget, njawani cocok buat foto foto, dan kolamnya bersih juga sih asyik buat main. Tapi sayang makanannya standart, udang madunya juga ya biasa aja ga yang wow gt, tapi overall asik kalau buat main keluarga, kamar mandi ganti besar dan bersih juga
Tempat bagus buat acara keluarga ada danau buatan dan asri
Tempatnya luas, cocok kalau bawa anak yang suka berenang, banyak pilihan untuk makan, ada lapangan golf dibawah. Dapat untuk pesta pernikahan baik didalam, maupun pesta kebun. Dapat booking,  sehingga pasti dapat tempat.
Nyaman buat family time
Resto sekaligus ada kolam renang & tempat pemancingannya. Sistemnya pakai voucher makan 250k gratis mancing 2 joran. Sedikit tips kalo mau mancing bawal babon di spot kolam paling selatan sendiri yg kanan-kirinya pepohonan.
Suasana nyaman dan pasti enak makanannya
Tempatnya nyaman dan sejuk. Kolam renangnya dekat dengan resto, jadi kalau ada anak-anak yang berenang mudah mengawasinya.
Pelayanan tolong ditingkatkan lagi :) box udh reservasi+dp tp makanan dah sejam lbh blm diantar dan kalo ga di wa ulang makanan ga dateng2 huhu
Tempat mancinya oke, per januari 2021 harga naek jadi 250k. Pelayanan juga oke... sayangnya satu. Parkir mancing dengan makan dibedakan. Padahal mancing itu kan beli paket makan. Jadi ad oknum di pos satpam yg narik karcis parkir mobil yg tertera 2000 rupiah, jadi 5000 ( menggunakan bahasa lisan dengan alasan memancing ) bukan masalah nominal. Tapi memintanya juga dengan nada tinggi.... mohon untuk koreksi managemen banyumili. Kalo memang parkir dikelola warga, bedanya mancing dengan makan apa? Toh sama2 beli makan dan makan dsitu juga. Mohon segera di tindak lanjuti... Terima kasih.
Tempatnya luas, makanannya enak. Udang madunya juara.
Sangat kecewa krn sdh seringkali kesini dan belasan kali reservasi utk rombongan besar, baru ajak anak mau renang aja blm fix krn anak sy agak takut air, tempat duduk jg blm dapat krn meja kotor tdk dibersihkan, tiba2 ada petugas sok preman bilang 'pak kalo mau renang bayar' dgn nada intimidatif. Tolong dong diajari sopan santun sedikit. Sy sering kesini krn rumah sy cuma di baratnya persis. Dari jaman mang engking sy sdh kesini ketemu Pak Siput. Masak iya sih resto besar segitunya sama customer. Cuma soal duit renang 20rb lo ini. Mana akhirnya kaki luka kena serpihan kaca di dlm kolamnya. Bisnis memang harus profit, tp gak gitu caranya biar tamu enggak jera dan cerita kemana2.
Sangat cocok utk membawa keluarga, komunitas, acara apapun dg fasilitas kolam renang dan berbagai menu dg rasa yg enak
Tempatnya luas,selain kolam renang dan resto masih banyak tempat dapat digunakan untuk pertemuan rapat atau reunian,masih sangat alami,tapi uang masuk renang dan makan cukup mahal,tersedia free karaoke,bagus pokoknya
tempat nya luas , parkirnya luas.. utk fasilitas komplit , toilet bersih , ruang meeting bagus , kolam renang bersih dan nyaman , ada tempat pemancingan, ada wahananya di danau juga  makanan seafood nya enak-enak.. masih pengen nyoba lobster nya.. kata teman , nendang banget gan ğŸ˜
Tempatnya nyaman, buat kumpul keluarga asyik, ada kolam renang nya, tempat nya luas, makanan dan minuman lumayan enak, cm tempatnya agak panas kalau menjelang siang..overall cukup baik .
Masih menjadi destinasi favorite mancing mania..
Lumayan sih kalo mau makan-makan sama keluarga, harganya juga lumayan sih, agak pricey tapi ya nggak over lah. weekdays ke sini sepi banget, berasa punya kolam pribadi heheu, tapi nggak tau kalo weekend. Kalau mau renang-renang jg bisa dan murah bgt cuma 20rb, anak di bawah 2th bayar yg dampingi aja.
Recomended untuk refreshing baik sendiri atau rameÂ² bareng temen atau keluarga... Para angler, bisa C n R disini, ikan rataÂ² 1-2 kg up.... Makanannya jg enak. Soal harga, yaaaa... Lumayan lah untuk kelas resto Jogja... Bisa ajak anakÂ² renang juga loh... ğŸ‘ğŸ‘ğŸ‘ğŸ‘ğŸ‘
Makanannya enak..kolam renangnya juga luas
Dicek lagi tempat lesehan yg dekat pemancingan, banyak soket listriknya gak berfungsi. Dan lagi untuk di pemancingan sedianya jual umpan buat mancing, biar lebih betah
Daya tampung besar, cocok untuk kumpul  bersama keluarga , teman, atau acara-acara seperti reuni, ulang tahun dsb. Ada kolam renang juga di dalam. Terdapat banyak pilihan tempat duduk, di dalam ruangan maupun di luar ruangan dengan jarak yang cukup berjauhan juga cocok untuk santai bersama pasangan . Pilihan menu makanan juga bervariasi banyak pilihan menu ikan.
Venue? Standar Rasa makanan? Standar Harga? Standar Nothing special sih kalo menurut saya.  Justru cenderung kumuh dan berantakan. Karna lokasi pool dan resto jadi satu, tapi ga ada tempat penyimpanan barang atau loker untuk pengunjung yang berenang. Jadi pemandangan diseluruh penjuru adalah tumpukan baju dan barang2 berantakan. Risih aja sih buat yg niatnya dateng kesitu buat makan
Family friendly, recomended klo mau bawa keluarga dan terutama bikin anak senang. Kolam renangnya ramah anak, dan mainannya lengkap... Anak senang bermain air, selesai main... Ada menu makanan yang rekomended juga, ayam goreng kremesnya endeeees.... Anak senang makana banyak
Lumayan
Bisa renang, bisa mancing, bisa lihat kebun buah, bisa main/naik bebek air, bisa main dengan angsa. Kalau pas week end bisa nyanyi-nyanyi juga....dan yang jelaa.biaa makan. Menu andalan  ikan.gurami dan.udang, serta menu lainnya seperti tumis.kangkung,.karedok dll. Harga lumayan menengah ke atas, tapi didukung dengan tempat parkir dan tempat makan yang luas.
rekomended untuk keluarga yg suka makan bersama di luar tempatnya nyaman, untuk acara2 meeting dan kumpul2pun ok makanan enak ada paketan yg bisa lebih hemat Ada kolam renang satu area dengan tempat makan yg lokasi atas meski berbayar cukup menyenangkan Pelayan ramah Ada ruang sholatnya juga ğŸ‘
Tempat enak dan nyaman untuk kumpul keluarga. Dengan menu ala restauran keluarga (gurameh dengan berbagai saos, sayur, ayam, dan sambal). Suasana sangat nyaman dengan lokasi di pinggir danau buatan. Ditambah lagi bagi pengunjung yang membawa anak kecil terdapat fasilitas kolam renang. Sangat memanjakan.
Tempatnya luas, di masa pandemi ini sangat bagus karna harus menjaga jarak.. Kolam renang air tidak terlalu bau kaporit.. Gurami bakar nya mantaaaappppp
Tempat paling cocok Untuk liburan keluarga, anak2 bisa berenang dikolam ditengah Resto, yang remaja bisa berenang dan bermain di sekitar taman, tempatnya bagus untuk selfi2, para ortu dan kakek nenek bisa duduk2 manis di meja makan dekat kolam sambil mengawasi mereka. Sebelum mereka puas bermain hidangan yg dipesan pasti sudah datang menunya buanyak... porsinya cukup besar puas deh .....
Enak kalo makannya ramean,  yah minimal berdua. Soalnya kalo sendiri ngenes banget tempat ini cocok untuk kumpul keluarga,  ada tempat pemancingan,  kolam renang. Buat kumpul,  rapat,  reunian,  pembubaran panitia acara bisa banget. Makananya banyak pilihan,  menu paling banyak ikan -ikanan. Kalo kesini jangan lupa reservasi dulu
Lumayan enak, cocok buat keluarga, anak2 seneng bisa renang. Yang hobi mancing pasti puas, kolamnya gede bgt
Suasananya nyaman, apa lagi untuk kumpul bersama keluarga.. ada kolam renangnya... ada restorannya.. ada tempat pemancingan.. Ada spot yg bagus bgt untuk foto2 cantik..  Harga gk mahal, parkirannya luas,, dkt pula dg gues house omah cemara
Tempat yang bagus, luas, bersih, indah... Cocok buat keluarga, syawalan, reuni, dll....
Makanan enak.. Tempat berenang yg cukup bs menyenangkan buat anak2 bermain.. Pemancingan yg luas, namun kyknya danau nya cukup dalam. Takut nyemplung oeyy..hehe.. But over all it's okay ğŸ‘ğŸ‘
Tempat yang sangat recomended untuk rekreasi dengan keluarga tercinta....
Cocok unt makan rame2. Menu enak tp kurang unt personal.
Tempatnya bagus, bisa makan2 sambil renang dan halaman sangat luas... menu udang, gurameh, ayam goreng maupun bakar rasanya juga enak, diatas rata2 ğŸ‘ğŸ‘ cuman memang rata2 perorang lumayan ya, sekitar @75rb. Dan menu minuman perlu diperbanyak ğŸ˜ŠğŸ˜Š
Tempat makan keluarga yang memiliki area yang sangat luas, ada beberapa area atraksinya seperti memancing, naik sepeda air, kolam renang. Untuk view dan suasana tempat ini sangat baik. Hanya saja, pelayanannya kurang memuaskan karena penyajian makanan sangat sangat lama, dan terkadang ada pesanan yang tidak diantar dan kalau mau pesan lagi terlalu jauh kalau pengunjung posisinya ada dibagian tempat memancing. Alangkah baiknya jika pengelola dapat memperbaiki sistem pelayanannya bisa dengan memberikan nomor pada setiap meja dan mungkin membayar diawal pemesanan langsung di kasir.
Udangnya enakkkkkk, ayam kriuknya juara....makan abis berenang bikin lahap
Makanan disini enak namun harganya kurang begitu terjangkau. Masih layak dengan harga segitu tapi. Di tempat ini tersedia kolam renang yang cukup luas. Terdapat kolam renang anak dan kolam renang dewasa. Bisa juga menikmati makanan sambil berenang karena disediakan kursi di dalam kolam. Disini juga terdapat gubuk pinggir danau yang dapet suasana asri khas pedesaan.
Tempatnya pas sekali untuk kumpul dgn keluarga, masakannya enak, kolam renang luas, hanya saja kebersihan kamar mandi dan mushola perlu ditingkatkan lg. Recomendet lah
Tempatnya recommended buat acara keluarga kumpul2,arisan
mohon maaf sebesar-besarnya. waktu datang masih sepi dan tidak ada tukang parkir di depan. waktu pulang dan waltu sudah siang langsung pulang melewati tukang parkir yang stand by di depan. kirain parkir gratis untuk yang menyewa tempat karena acara bukan yang datang karena renang. waktu di jalan baru sadar kalau di spion sudah tergantung tanda parkir. maaf belum bayar parkir ğŸ™ğŸ™ğŸ™ğŸ™ğŸ™
Aku kesini gak makan tapi berenang... Tiket masuknya thn 2018 20rb buat yang berenang aja... Jd kalo yang nungguin g bayar... Trus kolamnya ada 2 yang besar sama yang anak anak. Untuk yang anak anak ada mainan sederhana 4 perosotan yang g tinggi dan ada ember tumpahnya...
Restonya bagus dengan view yg hijau seakan akan berada di sktr pegunungan, di kelilingi kolam ikan yg luas, resto nya dg view kolam renang, cocok untuk ber santai ria bersama keluarga, cocok untuk pests kebun juga..
Suasana enak, makanan enak, pelayanan kadang2 kurang gercep, tapi lumayanlah. Lama ga berkunjung, kebersihan berkurang, keramahan pelayan kurang bahkan mereka merokok ketika jam kerja keliatan kurang bagus kl kaya gitu.
Buat santai rekomended sekali.. apalagi dg kolamrenang yg luas dan hnya bayar 20rb saja... Anak2 pasti happy
Tempat makan dan rekreasi keluarga dg fasilitas komplit dan menu makan yg bervariatif spesial ikan air tawar, tempat luas dg berbagai  hiburan dr kolam renang, bebek kayuh sampe memancing ikan,parkir luas ,nyaman harga lumayan tapi ga kan kecewa deh.
Harga makanan terjangkau, banyak spot foto,  bisa santai lama2 dg keluarga. Ada danau mancing,  Ada juga kolam renang anak Dan dewasa. Mau berenang tinggal nyebur,  tp jgn lupa pakai baju renang, klo laper naik lagi,  klo mau renang lagi y nyemplung lagi.  Suasana sejuk
Restoran yg sangat luas. Bagus, indah. Lengkap... Ada kolam renang, mainan anak.. Danau. Lokasi jg mudah dicari. Makanannya jg enak. Tdk terlalu mahal. Ndak rugi koq kesini..
Luwas tempatnya dan harga lumayan murah
Harga perkotaan, masakan enak Fav udang bakar madu, tempatnluas banget ada danau pemancingan, sayang kolam renang bermain masih renovasi, mungkin karena pandemi. Over all good taste n place ğŸ˜
Tempatnya bagus, untuk acara liburan dengan keluarga juga enak banget..kolam renangnya juga besar, ada restoran juga, ada gedung pertemuan juga, bisa untuk acara gathering perusahaan perusahaan, menu makanannya juga enak dan gak mahal juga kok.. lokasinya juga gak jauh dari pusat kota Jogjakarta
tempatnya nyaman romantis karena dtg sama pasangan yg disayangi
Tempat menikmati kuliner sekalian berwisata dengan keluarga, sangat cocok untuk tempat hangout bersama keluarga..ada penawaran paket kuliner yang lebih hemat, sembari menikmati kuliner si kecil bisa bersuka ria karena ada falitas kolam renang..
Order lunch untuk group disini. Sudah pesan sejumlah orang, dan menu serta harga disepakati. Pihak resto mengajukan/menawarkan menu dan harga. Deal. Lalu request agar begitu tiba, makanan sudah ready, karena tamu sudah lapar. Kenyataannya :  1. Tamu / klien tiba, belum ada satupun yang disajikan dimeja. Harus menunggu.  2. Makanan yang disajikan tidak cukup untuk sejumlah orang sesuai pesanan. Alias kurang. Mau tidak mau, nambah order lagi.  Bagaimana bisa order untuk 40 orang hanya cukup buat 35 orang? Sebelum makan siang, kegiatan tamu hanyalah kunjungan kerja. Yang hanya duduk memperhatikan paparan dan bertanya serta dapat snack. Bukan kegiatan yang menguras tenaga seperti outbound ataupun renang. Sehingga tidak mungkin rakus. Naah kalau makanan sampai kurang, itu aneh.
Tempatnya luas, kolam pancing luas hanya koleksi ikan kecil2 dan kurang fariatif .. makanan biasa aja .. kebersihan perlu lebih ditingkatkan krna waktu kami makan di area kolam pancing banyak kotoran angsa ..
Tempat nyaman, luas, masakan enak dan murah.cocok untuk weekend dan acara keluarga. Ada kolam renang untuk anak dan kolam pemancingan cast n release.top recomended pokoknya
Juos baru nemu resto ada kolam renang nya
Lokasinya luas cocok buat anak2 juga,parkiran juga luas masakannya juga enak..cuma sangat disayangkan pelayanannya masih kurang untuk rumah makan kelas menengah ke atas iniâ€¦pertama datang saya lgsung cari tempat bgitu udah dapet tempat duduk sekitar 5 menit gk ada orang yg datang ngasih buku menu atau apa,,akhirnya saya kembali ke kasir yg deket pintu masuk untuk menanyakan daftar menunya ( padahal lumayan jauh ) begitu sampe dikasir saya dikasih buku menu tapi tidak dengan pulpen katanya cuma ada 1 pulpen dan itu lagi dipakeâ€¦kasir bilang Nnti ada orang yg dteng yg bajunya merah kaya yg dipake sama kasir ngnterin pulpenâ€¦tapi begitu sampe di tempat duduk tetep nunggu beberapa menit dulu baru ada karyawan yg dteng bawa pulpenâ€¦ Yg sangat disayangkan juga meja kotor di samping bekas orang makan di sebelah kanan dan kiri saya juga gk di Bersihin sampe saya selese makan dan pulang juga gk ada orang yg mau Bersihin padahal sangat berantakan sekali.. Di pojokan tempat saya juga padahal ada 2 karyawan yg asik ngobrol gk ngapa2in entah dia bagian tukang bersih2 atau bukan saya gk tauâ€¦ Padahal disini udah Kena biaya service 5% tapi pelayanan masih sangat jauh dr kata layak untuk rumah makan sekelas iniâ€¦
Bisa mancing, renang, dan makan
Tempat parkirnya luas banget, lokasinya agak masuk ke gang tapi mudah banget dijangkaunya, makanannya enak dan harganya lumayan murah , ada kolam renanf juga,, dan boleh berenang, pokoknya seru banget tempatnya , dijamin suka sama tempat dan suasana apalagi yang punya atau bawa anak anak
Dikenal sbg tempat berenang utk keluarga. Trakhir ke sana Mei 2018 HTM 20K, hny tunai. Luas bersih dan nyaman, KM bnyk dan bersih. Didukung restaurant yang lumayan lengkap menunya, pelayanan cukup cepat. Utk pembayaran mknan resto bs tunai dan non tunai. Selain itu di bagian bawah ada  danau buatan di mana tersedia becak air bentuk angsa utk disewa mengelilingi danau. Trakhir ke sana bln Mei 2018 sewanya 20K dan bonus mknan ikan. Jd smbil genjot bs liat ikan2 jg yg ada di danau tsb. Sewa ini hny tunai.
barusan banget dari sana, barusan juga baca ulasan, ternyata sesuai.. sesuai buruknya dengan harga sekian kurang sesuai dengan rasa, penampilan, dan pelayanannya ada besi timbal di makanan saya, sudah saya beritahu ke kasir itu pun masih ditambah tax 10% + service 5% ğŸ‘ğŸ¼ğŸ‘ğŸ¼ğŸ‘ğŸ¼ maaf harus jujur ğŸ™ğŸ¼ so bad semoga kedepannya bisa dikoreksi agar lebih baik terutama dari segi harga, kualitas makanan, dan pelayanan semangat! ğŸ™‚
Cocok buat menyenagkan keluarga
Tempatnya luas banget cocok untuk rombongan....ada yg lesehan, kursi & gazebo, fasilitas kolam renang, mushola Untuk harga bisa dibilang mahal dan sangat tidak ramah untuk kantong mahasiswa, bahkan untuk harga yang bisa dikatakan mahal tersebut porsinya semacam kurang sebanding dengan harganya. Salah satu contohnya yaitu cumi goreng tepung 60K tp hanya bisa untuk 2 orang saja, bahkan sebenernya bisa dikatakan sangat cukup utk 1 orang.  Untuk rasa ya....lumayan lah, bukan yg gak enak tp jg bukan yg enak bgt
Tempatnya luas banget ada indoor outdoor, bisa reservasi untuk rombongan juga,  ada fasilitas kolam renang,  pemancingan, toilet banyak, makanan oke enak udangnya enak, ada budidaya udang juga, bisa parkir bus, recommended ğŸ‘ğŸ‘ğŸ‘
Jika pengen ngadain acara resmi maupun tidak resmi, tempat ini bisa jadi rekomendasi. Tidak hanya tempat makan luas, tapi tempat parkirnya pula. Ada kolam renang. Bisa bikin acara indoor maupun outdoor, ada juga pilihan untuk mancing bagi yang hobi.
Tempatnya luas dan bagus, makanan enak dan harga terjangkau, ada kolam renang dan tempatnya cocok buat anak kecil jadi yang ingin jalan jalan membawa anak kecil bisa coba tempat ini
Tempat ini luass sekali untuk ukuran restoran. Di bagian atas ada restoran sekaligus kolam renang. Di bagian bawah ada kolam ikan yang luas. Cocok untuk acara bersama keluarga atau gathering komunitas. Rasa masakan enak, managernya juga ramah. Kesini dalam rangka Anniversary Yogyakarta Local Guides
Pengalaman mancing pertama
Manteppppp keren..menyenangkan..
Sebanarnya saya malas untuk review2 jelek. Tapi saya sudah terlanjur kecewa.... pesan degan.degannya basi. Dan sudah diminum sama anak saya. Semoga anak saya gak kenapa2.  Tolong diperhatikan lagi.. terimakasih. Sukses
Joss gandos kotos-kotos, pemandangannya bagus, kalau sore banyak burung berkicau, cocok untuk keluarga, cocok untuk para pemancing, ikannya besar-besar, kolamnya luas, ada kolam renangnya juga, pokoknya rekomended jossssssssssas toooooopppppp
Pelayanan sangat lambat, Pesan makanan 1 jam belum jadi juga
Tempatnya luaaas sekali bisa playon sm bocah. Kolam renang jg luas. Bs ditingkatkan lg buat menunya biar bs lbh banyak pilihan. Sukses sll banyumili
Udangnya tidak fresh, sup ikannya kurang enak, terlalu mahal kalau di bandingkan dengan rasa dan pelayanan yg di terima.  Terima kasih
Tempatnya lumayan nyaman dan makanannya enak. Bisa berenang sekeluarga,  atau sekedar menikmati suasana tepian sungai. Parkir luas,  data tampung banyak. Menurut saya kurangnya cuma satu,  yaitu agak mahal klo tidak rombongan, minimal ber 4 lah. Mungkin karena banyak bahan makanan diproduksi sendiri jadi premium harganya.
bagus juga buat anak anak berenang
Tempat nya bersih dan makanannya enak banget. Setiap pulang jogja, anak2 saya suka makan disini dan berenang. Recomended utk acara keluarga. Oh, ada satu lagi. Yg hoby memancing, disediakan  tempat memancing. Wah seru deh, ...
Mampir kesini hanya untuk berenang, anak2 sangat suka sekali dtempat ini dg variasi kolam yg banyak. Untuk urusan makanan rasanya pun sangat enak namun perlu merogoh kocek dalam dalam.
Disini masakannya sebetulnya lumayan enak...  But a little bit over priced...  Jadi kalau mau kesini untuk makan so so  Tapi ada kolam renangnya juga, biaya masuk 20.000an untuk skrng (mei 2019) lumayan luas kok dan cukup bersih walau ga bersih bersih banget
Pesanan telat datang. Minuman tidak diantar sampai dengan kami selesai makan, padahal sdh kami sampaikan k pelayan n WA. Gurami tidak segar..
tempat luas ,udang saos tiram enak
5 bintang, tempatnya nyaman... luas dan asri
Tempat yang luas,bkn hanya menyajikan makanan tetapi disini keluarga bisa mengajak anak2 bermain diwahana yg tersedia dan untk yg hobi fishing disini cocok untuk para pemancing mania.ditambah menunya yg enak.
Makan disini asiknya sih sambil nyantai2 dan kalo ada anak kecil sambil nungguin mereka berenang juga cocok. Selain di pinggir kolam renang, ada danau buatan kecil juga cocok untuk piknik rombongan di pinggirnya dari anak2 sampai orang tua pasti suka.
Anak2 dan dewasa bisa renang, makanan enak, tempat bersih, bisa utk mancing, kamar mandi bersih
Tempat yang bagus sekali,lokasi luas,ada kolaam renang,dan danau juga,cocok sekali untuk kumpul reuni ataupun acara keluarga,karena lokasi yang nyaman,untuk harga makanan lumayan mahal tapi sesuai dengan suasana lokasi dan fasilitas
Tempat makan yg nyaman, luas, ada pilihan makan di meja ato lesehan dengan pemandangan kolam renang dan juga danau buatan. Menu makanan nya yg serba ikan dan juga udang menggugah selera, walau mungkin harganya tidak murah, tapi sesuai lah
Suasananya enak banget untuk makan bareng family
Tempatnya sangat luas cocok buat acara liburan keluarga, nyaman dan bersih juga tempatnya, makanannya juga yummy2 banget ğŸ˜‹ kolam renangnya jernih banget airnya bikin betah deh kalo ke banyumili â˜ºğŸ˜š puas juga dengan pelayanan waiternya ramah2 sekali .. Thanks BanyuMili Resto See you next time ğŸ‘
Tempat yang menyenangkan untuk makan dan berkumpul dengan keluarga. Tersedia kolam renang utk anak-anak dan dewasa. Ada pula tempat pemancingan.  Makanannya enak dan banyak ragamnya. Seafoodnya yummy....
Termasuk 10 resto terbesar di jogja. Tempatnya luas, ada kolam renang, bebek-bebek'an. tempat ini juga cocok untuk acara besar seperti reuni, trah keluarga, arisan, dll. Kalo kebetulan ada undangan makan di banyu mili, yang punya krucil (anak) jangan lupa baju renangnya dibawa. Bisa ikut arisan, anak bisa berenang. Ibu senang, anak pun senang.
Tempatnya bagus dan nyaman. Sudahkah 3kali tempat kerja Saya mengadakan rapat disini. Bisa untuk memancing, meeting, gathering, outbound, dsb. Hanya Saya melihat fasilitas (seperti kamar Mandi) sedikit kurang diperhatikan, terutama kebersihannya, Dan juga kapal Bebek air. Lalu, pelayanan dari beberapa karyawan Saya nilai tidak memuaskan (jawaban karyawan seperti ragu, mobilitas sedikit lambat, dan miskomunikasi). Dan, pesanan makanan sedikit lama. Memasak dan pelayanan masakan sedikit lama. Overall, untuk rasa dan harga bisa dikatakan lumayan.
Kolamnya kotor, kamar mandi terlalu remang remang.. tapi untuk design dan konsep bagus.. tempat nya luas jadi banyak space untuk kumpul
Masakan nya enak ,tempat renang nya nyaman , tempat makannya sejuk
Dulu seminggu sekali kemari nemeni anak-anak berenang, sekarang view bagian bawah makin keren dan instagramable. Masakannya enak, cuma dulu beberapa kali dapet gelas kotor, tingkatkan lagi kebersihannya yaa.. mudah2an sih sekarang bisa lebih baik.
Banyu Mili Resto merupakan resto yang cukup besar dengan parkir yang cukup. Tempat ini bisa digunakan untuk acara misalnya jika anda ingin memesan tempat ultah dsb. Ada menu paket untuk 6, 8, 10 orang serta menu organik dari penangkaran sendiri. Resto ini memiliki konsep yang menggabungkan resto dan kolam renang. Ada beberapa pengalaman yang saya amati berkaitan dengan pelayanan resto yang kurang cekatan sehibgga beberapa pengunjung yang saat itu memesan tempat yang membawa pengunjung cukup banyak menurut saya mereka kecewa. Bahkan saya melihat pengunjung mengancam akan memberi review buruk. Jawaban dari pelayan saya rasa kurang memuaskan. Kita memang tidak selalu dalam kondisi terbaik kita tapi saya rasa sangat perlu ada peningkatan kualitas misal melatih pelayan karena sayang mengingat resto ini cukup besar/ bisa disewa untuk acara-acara.
Tempatnya luas, makanannya enak, ada danau buatan menjadi tempat yg asik menikmati kebersamaan dengan rekan kerja atau keluarga.
Kurang memuaskan, saya kecewa.. Cm karna anak kecil umur 1th gk pake baju renang,kami diusir. Sungguh terlalu,, pdhl saya langganan disitu, biasa nya jg tdk apa2. Memaklumi, anak 1th gt lhoo.Astagfirullah..
Bersih . Nyaman renang bersama keluarga
Jauh dari kota. Konsep restoran berkelas ga sampai, hanya seperti warung makan tepi jalan. Konsep casual ga kena, hanya di samping kolam renang. Harga mahal, guram +/- 300 gram seharga Rp 120.000 + pajak 5 %. Makanan no taste....cah kangkung hanya asin, gurame bakar hanya aroma kecap.
Refreshing dgn sahabat...kluarga sangat cocok...makan ditempat nyaman alami,bersih,ramah, yg tambah asyik bisa mancing rame2 sampai jam 7 malam, jangan lupa bawa perangkat pancing yg bagus ,bawalnya besar2....tp gak boleh dibawa pulang, dirillis langsung ikannya
Kolam luas, murah, dikuras senin kamis pagi
Sangat rekomendasi untuk acara ultah anakÂ² karena ada banyak kolam renang untuk anakÂ² da juga dewasa
Tempatnya luas, paduan yang bagus untuk resto,  kolam renang dan rekreasi keluarga. Danau kecil di halaman belakang aeluas 3 ha menambah nyaman untuk rekreasi sehat. Pengunjung bisa makan di pinggir danau sembari menikmati alam asri.
Tempat nyaman untuk makan bersama keluarga. Pilihan menu bervariasi dan harga standar. Dilengkapi kolam renang baik anak dan dewasa. Ada spot berfoto di danau yg cukup menarik
Cocok buat keluarga ada kolam renang dan pemancingan
Baru 2 kali sempet kesini, itupun ditraktir temen. Biasanya kalau orang berkunjung kesini terbagi menjadi dua bagian, untuk anak-anak yang lebih suka menikmati ciblungan di kolam renang dan untuk dewasa yang lebih suka menikmati duduk-duduk di saung belakang menikmati makanan di samping danau buatan dan yang seru ber wefie ria.
Makanan kurang sesuai selera. Mau naik bebek2an gak bisa jalan, kolam agak kotor. Kalau mau mancing harus bawa alat dll sendiri. Padahal acara kantor milih disini biar bnyk aktivitas, ternyata kurang sesuai ekspektasi.
Konsep restonya gabung dengan sport club. Jadi ada area untuk berenang. Room tersedia cukup banyak. Jadi untuk private group yg mau makan, bisa terfasilitasi dengan sound yg cukup memadai
..ber hangout atau rapat disini, oke jugaa...banyak air..sesuai namanya...
Tempatnya sangat strategis krn diperbatasan kota dan di jalan besar. Aneka makanan dan minuman sangat bervariasi, enak, dan sehat. Pelayanannya juga memuaskan, tempat parkirnya luas. Lokasinya jg agak menjorok ke dalam, jd kebisingan di luar sedikit terkurangi. Cocok utk pesta ultah/pernikahan/syukuran, rapat, makan sekeluarga.
Udang goreng madunya mantappp. Tempatnya rekomended buat keluarga, buat teman, buat pacar, buat calon istri, buat istri.ğŸ˜‚ğŸ˜‚ğŸ˜‚.
Reunian disini saja... Tempat e luas plus ada kolam renangnya
Karyawan slow respon, suruh beresin buat acara potong kue aja nggak dilakukan sampai kita pulang... Kecewa... Buat renang tdk rekomended, air keruh dgn kadar kaporit sangat pekat, makanan lumayan..
Luas. Asri. Bagus tuk acara gathering. Bagus juga tuk momong anak..
Tempat ini sangat nyaman buat acara pertemuan skala besar. Ada swimming pool, becak kayuh di danau, dan lain-lain. Tempat ini sangat direkomendasikan bagi Anda yang ingin mengadakan pertemuan skala menengah dan besar. Walaupun letaknya masuk ke komplek perumahan, lokasinya masih bisa dijangkau.
Tempat yang asyik untuk menghabiskan waktu dengan keluarga, memanjakan si kecil yang suka bermain air sambil menikmati hidangan resto yang nikmat. Untuk berenang di sini diwajibkan memakai baju renang. tersedia juga Kolam Pancing.
Buat renang anak bagus.. Balita juga bisa renang tiket renang 20rb. Harga makanan nya lumayan mahal es teh 8500+ppn 5% per gelasnya ğŸ˜†
+ area kolam renang anak2 yg cukup luas & menu sepadan antara rasa porsi & harga - pembayaran Di kasir manual, kunci toilet gak berfungsi, urinoir macet
Nice place di tengah kota
Tempat makan yang recommended banget sih menurutku,,makanannya enakÂ² tempatnya cocok banget buat kumpul keluarga atau kumpul sama temen,pelayanan memuaskan Pokoknya terbaik dehhğŸ˜
tempat makan dan renang favorit bocil, terutama masakan udang nya
Sekelas banyumili resto, ga ada sabun buat cuci tangan?? sdh muter2 cari sabun semua kosong. Musholanya juga kotor banget. Kurang worth it sih sm harga menunya, pdhl tempat bagus sebenarnya cm kliatan kotor terutama yg menuju toilet.
Bagus untuk mancing dan ngajak anak kecil berenang. Gabungan tempat main air, mancing dan makan. Cocok buat wisata keluarga
Masakannya enak, tempatnya makannya luas dan nyaman, parkirannya juga luas, pemandangan disekitarnya bisa dijadikan lahan buat foto2. Cuma kamar mandi di area bawah agak serem klo kita pas makan disana sore hari krn sepi bngt dan tempatnya agak jauh dari tempat kita makan.
InsyaAllah akan tambah pencinta makan di situ bila Mushola diperhatikan letak yg dekat dan fasilitas penerangan jalan nya... utk bukber disana dipikirkan lg krn takut terlambat sholat atau jd kehilangan sholat bl hrs antri sholat atau takut sdr jalan ke mushola ... mumpung ada waktu pindah yg lbh dekat dgn tempat duduk  depan
Lumayan bersih tempat nyaman, ada kolam renang
Tempat kumpul keluarga yang nyaman.  Bisa makan bareng,  renang,  mancing,  dll.  Yang tidak bawa baju renang,  di dalam ada yang jual baju renang berbagai macam motif,  harga terjangkau
Restoran di jalan godean Masakan disini enak ada kolam renangnya juga Enak adalah sebuahÂ homonimÂ karena arti-artinya memiliki ejaan dan pelafalan yang sama tetapi maknanya berbeda. Nah Enak memiliki arti dalam kelasÂ adjektivaÂ atau kata sifat sehingga enak dapat mengubah kata benda atau kata ganti,nah biasanya dengan menjelaskannya atau membuatnya menjadi lebih spesifik.nah Enak termasuk dalam ragam bahasaÂ cakapan.
Kolam renang untuk anak anak luas dan ga dalam.  Area belakang bagus ada danau kecil dan taman luas. Bagus untuk acara pertemuan. Makanan enak dan harga lumayan mahal.
Resto terlengkap..nyaman..tapi tolong minuman teh hangatnya walo murah 5000 ribu yo jangan pelit teh...mosok minuman teh tapi warna rodo bening kayak air putih digulain dan rasa nya ga berasa teh.. mau untung gedhe tapi perhatikan kwalitas minumannya...
Menu enak.... pesen minum lebih dari 60 menit. Saat pelayan di tanya ternyata menyalahkan anak PKL. Satu jam lebih belum datang juga minuman tanya pada korlap dan bilang kok minum belum datang? Jawabannya masih dalam proses pembuatan. Kenapa enggan minta maaf? Saya heran sambil mendelik karena dah makan selesai lama tapi minum datangnya jauuuuh lebih lama. Kecewa
Tempatnya cukup besar dan sangat nyaman karena ada kolam renang dan juga kolam ikan disertai dengan rerumputan hijau. Menu yang anda wajib coba ialah udang bakar madu nya yang juga merupakan andalan restoran ini. Udangnya sangat fresh karena ditambak sendiri.
Restonya sangat luas bagus untuk liburan sama keluarga , ada kolam renang nya ada juga pemancingan yang sangat luas , makanannya juga enak2 harga pas isi kantong , pelayanan juga bagus waiternya ramah2 cocok bngt buat liburan ,
Pelayanan kurang, selain tidak ramah ketika  menyambut n menyajikan makanan, juga tidak cekatan dalam clear up. Kita udah order makanan dan duduk di meja, tapi piring2 baru di clear up setelah ditegur. Sepertinya resto ini lebih memprioritaskan pengunjung rombongan
Tempat asik buat mancing, tiket mancing 60rb untuk pagi sampai sore CnR, agak susah dapet ikan besar, harus tau tekniknya dulu
Tempatnya indah,nyaman,aman. Menunya enak,parkirnya lumayan luas bisa utk liburan anak2 sekolah,krn ada kolam renang,water boom
Tempat luas, Parkiran luas, Ada kolam renang nya, tempat makan juga luas, Makanan soal selera..harga sesuai
Tempatnya nyaman, masakannya enak, ada kolam renangnya jg.. jadi kalo ngadain acara pertemuan, bisa sekalian renang jg ğŸ˜ğŸ˜
Masakannya enak, harga standard.. fasilitas bagus kolam renang anak dewasa ada.. tempat mancing yg luas dan nyaman.. CnR..
Bagusss banget ....di traktir adek kesini langsung kepincut sama suasana asli Yogyakarta nya ....di halaman banyu Mili kelihatan budaya Yogya yang Tepo seliro.... toleransi jaman now bahasanya....masuk kedalam berderet kursi dan meja makan dan ada foto Sultan Hamengku Buwono X...dan g hanya restoran yang ditampilkan ternyata ada kolam renang g dalam cocok untuk anak -anak 4-5 tahun.....jadi sambil makan menyelam minum air....bukan2 ....sambil bawa anak bersantai di kolam renang ....masuk ke kolam renang bayar tapi say...20k per anak. Tapi maaf ini saran dan kritik dari kami ... waktu mau beli tiket ke kolam g ada peraturan apa2 setelah jebur anak2 baru di peringatkan sm penjaga kolam supaya ganti baju renang bisa beli...atau telanjang dada aja.... waduh tadi g ada disebutkan peraturan itu Lo.... tolong untuk kedepannya demi pelayanan yg baik diberikan syarat2 di depan kolam atau peraturan terus ada peringatan kolam dalam berapa meter....begitu ya...tapi semuanya bagusss kok.... pokoknya kedepannya semoga sukses.....#banyumili resto yogya
Makanan enak tempat nyaman pelayanan ok.. Selalu kesini seminggu sekali sambil anak renang..
Suka datang ke sini kalo pengen sekalian renang. Tempatnya asyik sih. Cuma kalau hari libur ya ramai banget. Biasanya selepas renang kalau lapar bisa langsung pesen makanan di sini. Menunya beragam banget cuma harganya agak sedikit mahal sih. Rasanya cukup enak tapi ya nggak istimewa banget. Biasa saja.
Bisa nyante, anak2 bermain air..sekalian kuliner...saya pesan paket u 12 org..hrg standard lah...sedang aja...
Area luas, cocok untuk tempat kumpul keuarga besar atau komunitas. Ada kolam renang, danau pemancingan, dan lapangan rumput yang luas. Makanannya cukup enak, walaupun pelayanan seringkali agak lama karena areanya yg luas. Jadi butuh waktu untuk bergerak dari area servis ke area tamu.
Tempat asyik buat ngajak ank berenang.. Makanan juga enak wlu harga sebanding sih.. Klo weekend tiket renangnya 25rb, klo weekday 20rb..
enak makanannya sayangnya kemaren pesen ikan asam manis, disajikan ikan gorengnya dulu, asam manis nya baru disediakan setengah jam kemudian,ya ikannya uda habis dulu,jadi pelayanannya kurang profesional..padahal uda diminta jauh2 waktunya sebelumnya
Sayang, banyak YG mau renang kecewa krn wajib pake baju renang, emang sih ada disediakan outletnya, tp harga baju renang utk anak 150-300an ribu, anak Sy sampe nangis Dan pindah Cari tempat santai yg lain...
Cocok untuk kumpul keluarga besar. Menunya enak semua. Dan harga relatif tidak terlalu mahal. Anak2 bisa naik perahu. Tempat sholat dan kamar mandinya bagus dan bersih
Kolam renangnya bersihhhh, suasana jawa musik gamelan, tenang, nyaman, masakan lezat, pelayanan ramah, terimakasih pasti datang lagi
Penjaga kolam renang sama sekali tdk freandly ke ank saat ank mau renang pake kaos daleman di bentak di suruh beli pdhal selisih jm banyak bgt yg gk pake baju renang di diemin aj mana baju renang'y harga'y jauh bgt sama toko...bikin anak takut
Rasa makanan oke dengan harga masih terjangkau (meskipun bukan murah). Selain itu terdapat kolam renang yang bisa digunakan untuk berenang sambil menunggu pesanan makanan datang.  Sebaiknya hindari weekend karena cenderung ramai dan air menyiprat ke kanan kiri kolam.
Menu makanan Sea Food yang menurut saya sangat enak dan cocok untuk acara keluarga, acara kantor ataupun acara acara besar lainnya, karena fasilitas sangat mendukung sekali (kolam renang, pemancingan, area yang sangat luas, parkir yang luas dan suasana yang bersahabat). ke Yogyakarta ngga lengkap kalau ngga mampir ke Banyu Mili Resto....
Tempat bagus,luas.namun parkiran terbatas. Menu makanan banyak variasinya. Toilet bersih. Air kolam juga bersih,anak2 bisa berenang dg nyaman.
Tempat nyaman, dan sangat berangin. Masakan standar aja tapi cukup nyaman untuk mengajak anak2 karena bisa memancing dan ada kolam renangnya
Zonk, tempat sangat kotor sekali ,, air kolam renang keruh  !!! Tempat makan meja kursi kotor semua , waiters/waiter nya pada mainan HP semua , tidak ada yang merespon pelanggan , pelanggan kesana kemari kebinggungan semua karna meja makan yang kotor tidak di clear up !!! Kecewa , sangat kecewa !!!!
Family resto banget, anak2 bisa berenang dan ada tempat mancing juga... so far memuaskan, makanannya jg enak ğŸ‘
Rasa makanan enak,  view bagus,  ada kolam renangnya jg,  trus cocok buat makan sekeluarga,  tempat mancing jg ada,  parkir luas,  mushola lumayan besar,  overall bagus
Tempatnya bukan di jalan utama jl Godean melainkan harus masuk ke arah perumahan. Namun setelah masuk, tempatnya bagus banget. Selain kolam renang juga ada danau mini yang cocok untuk bermain air. Tapi jangan nyemplung.......
Cocok untuk menghabiskan waktu bersama keluarga
Makanannya enak , suasananya keluarga bgttt
Udang bakar madu enak bagi yg suka manis, bihun goreng juga enak, suasana asri, ada kolam renang dan danau bisa untuk mancing
Suasana oke...bs sambil berenang kalau kesini ..tp berenangnya tmbh 20rb ya ...untuk makanan kmrn agak kurg fresh mnrt saya....semoga bisa lbh sip ke depannya
Tmpt renang nya bgs cozy...cm lahan yg luas gk dimaksimalkan buat tmpt mkn yg ramah dikantong,,sekedar ide mngkn bs sebagian dibuka warung SS jd hbs renang bs mkn tp hrs buget krg
Aman untuk anak berenang, dan masakan udangnya lezat
Tempat nyaman, harga medium, kisaran 30-50 ribu, terdapat kolam renang, fasilitas wifi terjamin, nyaman untuk kumpul2 dan acara tertentu seperti rapat ulang tahun, dan seminar
One stop family weekend saya pikir.  Darip. pada anda jauh2 acara weekend bersama keluarga...salah satu pilihannya di banyu mili resto ini. Meski lokasi di jl. godean ke utara agak masuk tapi anda sekeluarga bisa menikmati akhir pekan di sini. Restoran keluarga yang di lengkapi wisata air, termasuk kolam renang, dan kebanyakn yang ke sino biasanya memang sekeluarga. Dan untuk parkir tidak masalah meski anda membawa mobil.
Tempat mancing yg nyaman, bawalnya besar2
Selain tempat makan utk keluarga dengan aneka hidangan seafood,disini jg di sediakan kolam renang anak maupun dewasa..menu serupa dgn mang engking.. Tapi rasa enakan disini..mantull gan..
Suasana tenang ada kolam renang mknan cukup enak n layanan ramah
Kebetulan pas sepi atau kemalaman akunya orang mancing dah pada pulanag
Tempat rekreasi dan makan2 yang terletak di perumahan dengan tempat parkir yang luas...
Makanan masi ena kaya dulu kala yha, cuma pelayanannya agak kurang. Lokasi lesehan jauh banget, mba-mbanya ngumpul di deket kasir, dikode juga gak bakal notice. Kejauhan, kasih bell dong or ada yang stay di deket lesehan baru area kolam.
Mungkin karna barengan dg momen liburan jadi untuk service makanan nya sangat kurang memuaskan, yg di pesan tdk sesuai dg ekspektasi, pesan gurame fillet saus asam pedas eh..... sausnya gk dateng2 sampe makanannya habis.  Untuk tempatnya nyaman, tdk ada masalah. Anak2 pun senang karena bisa berenang
Tempat nyaman, luas, menu makanan banyak pilihan, recomended, parkir luas dan sangat memadai, tidak akan rugi mengajak keluarga ketempat ini untuk makan sambil refreshing...
Masakannya enak dan harganya terjangkau,dan ada kolam renang kecil dan yg besar mirip waterpark mini dan skg ada tempat pemancingan luas banget...
Tempatnya enak anak saya senang mancing disini....
Tempatnya luas banget. Gathering disini sangat menyenangkan. Bisa bawa keluarga,  sekalian bisa mnacing juga. Makananya juga enak.
Tempat pertemuan yang oke...masakan enak
Tempat enak buat makan dan bersantai berlama-lama. Ada kolam renang juga buat anak-anak
Kalo mau kesini harus sedia cadangan uang karena harganya rata rata diatas 50rb, tapi seporsi bisa buat 2 orang. Makanannya enak, ada kolam renang juga, tempat parkir luas
Lokasi dlm perumahan, view luas dgn kontur yg bagus, harga makanan terjangkau, cocok utk foto2 event, ada kolam renang anak, dll
Klo soal venue tempatnya okey....ad diantara perumahan namun bukan hnya jual view makanannya juga oke...klo buat liburan ringan bareng kluarga n of course mau mainan airr kesini ajaa
Tempatnya benar-benar cocok untuk quality time bersama keluarga. Selain itu masakannya juga lumayan enak rasanya, harga terjangkau. Hanya saja kekurangannya ditempat ini, kalau lagi ramai pengunjung, kadang pesanan makanan tidak sesuai permintaan. Jadi ini harus lebih diperhatikan, agar tidak banyak pengunjung yang komplain dan kecewa. Tapi untuk keseluruhan, tempat ini sangat menyenangkan.
Tmpat dngan pmandangan yg menarik, mkananny ckup enak dngan hrga yg relatif, mngkin beda persepsi ketika pesan mnum dngan gelas pitcher karena yg di sajikan gelas ukuran kecil tpi overall ckup baik, pling bagus wktu sore hari :)
Tempat luas, menu makanan enak, kolam renang bagus. Sayang pelayannya kurang cekatan dan ramah, terutama di bagian danau. Enjoy
Tempat luas, bersih tapi sepi pengunjung... mungkin karena harganya yg sangat tinggi untuk di wilayah Yogyakarta.. mungkin saya akan berpikir dua kali kl makan lagi di sana
Makanannya Enak, Pelayanan Oke, untuk Restoran agak gak biasa karena restoran ini menyediakan Kolam renang yang tersedia dalam beberapa Versi Kolam, cocok untuk bawa anak-anak sambil makan dan anak-anak bisa berenang, untuk urusan harga Lumayan Mahal ya... :D, tapi sepadan kok dengan pelayanan yang kita dapatkan
Makan di tempat ini seru banget.ada kolam renang nya juga.view nya juga bagus karena bisa menikmati alam sekitar.tempatnya juga luas banget.banyak pilihan menu makanan yang enak2 tentunya.
Rumah makan paket lengkap Makan sambil anter anak berenang di Banyumili, ramah difable, toilet banyak dan bersih
Tempat makan yang asik untuk keluarga, sekalian berenang di sekitar tempat makan. Terdapat juga taman sungai yang cukup luas di area bawah. Di samping itu terdapat juga studio foto dengan tema jawa tempo doeloe..
Kalo kesini biasanya buat renang, lumayan luas, bersih, dan murah. Kalau sore biasanya dipakai buat yg latihan renang. Nasi gorengnya enak. Menu lainnya belum pernah coba ğŸ˜
Lahannya luas untuk berkumpul bersama keluarga sangat menyenangkan, bisa berenang juga disini, ada saung juga tempat pemancingannya. Pemandangan disini bagus buat foto foto
Tempatnya luas banget, termasuk kolam renangnya. pilihan menu banyak, cocok untuk makan makan keluarga besar.
tempat yang luas, ada kolam renang dan tempat wisata juga
Nyaman utk berenang anak2 dan healing keluarga. Menu resto variatif dan memuaskan ğŸ‘ğŸ¼
Rmh mkan bernuansa jawa,  keindahan dn keindahan ptung meja dn ukiran jati. Menambah pesono tersendiri...
Berenang disini bersama anak
Nyaman utk bermain anak anak
T4 yg ckp asik buat kumpul2 bersama keluarga besa dan anak2, ada kolam renang anak, bebek2an,naik kuda makanan ckp enak, harga sesuai fasilitas dan rasa gk murah tp jg gk mahal2 bgt
Restoran yang cocok untuk acara keluarga, juga terdapat kolam renang anak dan dewasa di dalamnya. Tempatnya nyaman dan sangat luas, bisa makan di pinggir danau buatan. Masakannya juga enak, udang bakar madunya recommended ğŸ‘ğŸ˜
Saran sj, menu snack hrs ditambah krn bnyk pelanggan yg berenang di kolam renang seputar resto, tdk semua berenang lalu mkn besar (nasi & lauk pauk) pasti ada break buat camilan. Jgn cm tahu tempe goreng yg ada di menu, tp bikin french fries, nugget atau yg lain ....
Restoran keluarga yg cocok untuk kegiatan arisan, reuni dsb.. Ada fasilitas kolam renang & permainan becak air juga. Menu yg ditawarkan juga cukup beragam, specialnya gurameh bakar. Monggo yg blm pernah datang silahkan coba sendiri biar bisa membuktikan.. :-)
Tempat oke, Ada kolam renang yg oke jg utk ank2, Ada danau jg buat jln2. Minusnya: kolam renang agak Kotor, mngkn krn ramai n harga makanan agak Mahal.. tp overall okey.. ğŸ‘
Makanannya enak + ada kolam renang ğŸ˜…
Resto konsep alam yang asri, sajian ikan dan udang dibakar,digoreng atau steam lezat tak terkira. Ada aula untuk pesta, kolam renang. Harga-harga reasonable dan terjangkau.
Over price for the food... Lebih murah Westlake, dan menunya kurang variatif... Rame karena kolam renangnya asik... Jd cocok bgt buat tempat makan family
Masakannya enak, tempat nyaman. Udang bakar madu jadi menu andalan, ayam gorengnya juga renyah dan lembut. Pelayanan cepat dan ramah. Di sini bisa berenang atau memancing, anak-anak pasti suka. Ruang pertemuan juga ada.
Bagus resto nya. Ada kolam renang. Parkir luas, tempat bagus. Bisa buat MEETING. Atau acara lainnya. Harga lumayan. Makanan enak. Bisa pesan dulu.
Terakhir renang dibanyumili bbrp bulan lalu penjaga kolam renangnya amat sangat tdk manusiawi.seenaknya saja memaki2 pengunjung yg tdk pake baju renang hanya gara2 anak2 bth dijaga pas renang sementara saya tdk prepare baju dan memegang ditepian dan juga memaksa bapak2 yg renang dengan kaus buat dicopot kausnya..heraannya penjaga kolam kaya gini kok dipelihara.mendingan kami tdk usah kesana  drpd sakit hati lagi.memangnya semua pengunjung yg kesana mau renang saja...kan kadang juga hanya butuh buat makan di restonya masak harus pake baju renang kalo menunggu anak main ditepi kolam
Tempat yg sangat nyaman buat anakÂ² ada kolam renang anak, taman dan tempat mancing mania
Bagus tempatnya makananya enak enak ada kolam renang cocok buat event keluarga kantoran arisan di bawah juga ada danau bisa naik bebek air dan bisa lihat angsa..
Petugas  kurang penjelasan ke konsumen berkenaan dgn baju renang yg boleh digunakan dalam kolam renang jadi yg tidak siap dengan baju renang lebih baik jangan berenang disini karena pasti ditegur sama petugasnya ..
Kolam renang dng makanan yg enak rasanya, cuman harganya mahal.. harus siap uang kl mau makan disitu. Harus jelas jg order masakannya biar ga salah dimasaknya.
Kacau banget, reservasi jauh jauh hari untuk buka puasa sampai sana makanan belum komplit , mana nasi masih keras, ikan gurame bakarnya ngada rasannya , kangkungnya keras, baru pertama makan situ dan menurut aku nggk wort it sangat kecewa sama pelayanannya
Tempat nyman, bersih dan makanan'y enak. Harga menengah ke atas. Tapi kurang jelas mengenai ketentuan penggunaan fasilitas kolam renang.
Tempatnya sangat indah dan makanannya enak cocok deh buat liburan bareng keluarga
Tempatnya nyaman utk anak2 berenang, buat yg nunggu disediakan banyak tempat, bisa pesan makanan disana dan menu nya enak2
Asyik buat rameÂ² dan keluarga anakÂ² juga bs berenang ibunya nungguin sambil nyruput es kelapa bapaknya juga bs mancing setelah itu makanÂ² besar...hahaha
Tempatnya bagus cocok untuk bawa keluarga bersantai nyaman. Hnya sja untuk rasa smbel krng mantab, pesen smbel cobek perkiraan kyk smbel bawang gt, ga tunya kok ada rasa kencur sma ulekan cabenya msih agak utuh
Dari parkiran sampai tempat makan, kolam renang, danau, ruang pertemuan, dan toilet bersih banget. Nyaman gitu,, jadi tempat yang selalu dikunjungi ketika datang ke Jogja
Bagus buat memancing sayang jarak air dengan tempat untuk mancing terlalu tinggi jadi susah buat ambil ikan. Saran aja tolong predator nya di tambain biar red devil nya habis ğŸ¤™
Enak buat ngumpul bareng teman dan kluarga. Gurame bakar, udang bakar madu, udang asam manis dan cumi grng tepung ...makanan fav anak2. Ada area kolam renang juga.
Tempatnya cocok banget buat kumpul bersama keluarga, makanannya enak dan bisa mancing didanaunya yang cukup luas. Sangat recomended
Resto kuliner sambil outbound dan rekreasi. Bisa bersama teman, acara keluarga ataupun acara kantor. Tempatnya bagus dan asyik. Makanan pun enak. Masakannya masakan Jawa Tengah.  Spot untuk foto pun juga banyak. Ayo ajak keluarga dan handai taulan menikmati keindahan alam maupun hidangan di Banyumili Resto.
Resto yang cocok buat keluarga. Sangat luas dan sejuk. Ada tempat untuk berenang dan mancing sendiri. Menu cuminya enak ğŸ˜‹
Resto yg dilengkapi dg kolam renang yg  cukup besar, nyaman, parkir luas. Toilet bisa lebih diterangi lagi.
Tempat luas, makanan lumayan, harga lumayan juga, cocok buat acara keluarga atau acara yg melibatkan banyak orang dan butuh tempat yang luas.
Makanan nya enak, ada tempat pemancingan nya, salah satu resto yang ada danau nya, ada tempat berenang. Tempat yang cocok untuk weekend bersama keluarga. Pelayannya juga cantik terutama  wendita :)
Mantap pelayanan bagus, tempat luas dan sangat nyaman. Recom untuk kumpul bersama keluarga
Pelayanan nya sangat baik, parkiran nya luas ,ada tempat untuk shoot studio sinten , ada danau bisa untuk tempat pemancingan, waiters nya ramah .banyumili resto tempat yang cocok untuk berkumpul bersama keluarga ,rapat ,dan nongki asik bersama teman .
Kesini krn renang sih. Klo makanan blm sempat coba. Kolam renang nya lumayan, isinya anak2 yg lg latihan renang
Tempat nya nyaman untuk keluarga .., sangat luass. Dan teduh â€¦. menu nya jg enakk . Harga masih terjangkau .., pelayanan ok ğŸ™ğŸ»ğŸ‘ğŸ»ğŸ‘ğŸ»
Masakan nya lumayan enak dan harga standar wajar TDK terlalu mahal. Ada kolam renang Tempat nya luas Tempat parkir mobil luas Bagian bawah ada gubuknya ada pemandangan dan kolam ikannya.
Restaurant atau tmpt mkn yg lengkap,  di mana menu2nya lengkap, ada kolam renangnya,  ada tmpt bermainnya,  ada pemandangan yg indah di sertai ada danau buatan yg luas  yg bagus n ada perahu2 kayuhnya,  pokoknya tmpt wisata keluarga yg asyik
Tempat yang bagus untuk pertemuan keluarga, arisan, refreshing, komplit pokoknya, meeting juga bisa, kolam renang dan beberapa tempat untuk permainan air, seperti perahu dll, kamar mandi juga bersih, makanannya juga enak
Tempat makan keluarga dekat dengan pusat kota Jogja, tempatnya adem, bisa buat mancing dan berenang(wajib pakaian renang), untukberenang biayanya 20rb , makanan rasanya lumayan enak juga.. Recomended
Maaf sekedar saran khususnya selama bulan ramadhan, lain kali mau sudah booked atau belum tolong dahulukan bagi yang berbuka puasa. Kami minta takjil untuk berbuka puasa karena melihat di meja lain di sediakan tapi di acuhkan dengan alasan belum booked dsb. Bahkan sampai jam 8 malam pun pemilik meja2 tsb belum ada yg datang.
swimming pool nya oke untuk ukuran msk yg hanya 20rb. tempatnya pun sangat nyaman u/ keluarga. abis berenang lanjut makan bareng ğŸ‘
Sebuah danau dan hutan di tengah kota, sungguh berkah buat kota Jogja
kolam renang yg nyaman buat anak2 santai main air. Tapi klo buat olahraga, mending ke kolam renang sport center.
Suasana makan yang nyaman apalagi untuk keluarga. Terdapat kolam renang dan beberapa fasilitas lainnya. Sangat lengkap. Cocok untuk referensi makan keluarga maupun kolega bisnis
Resto keluarga yg sangat bagus, fasilitasnya lumayan lengkap, tidak hanya menyediakan makanan yang enak, juga ada tempat berenang, mainan dan tempat mancing C n R. Pelayanannya juga bagus.
Nyaman tempatnya, enak masakannya dan harganya ramah dikantong, buat yg suka mancing bisa c n r jg dengan beli voucher mancing yg bisa dituker dg makan dan minum
Tempatnya enak bagus makanan juga enak. Bawa anak dan keluarga pas bgt
Banyu mili Resto konsep resto menghadap swiming pool tapi saat banyak yg berenang jadi suasana nya kurang tenang dan nyaman u makan tapi banyak spot ko u pilihan tempat makannya tarif berenang sendiri 20rb per orang, u harga makanan agak sedikit mahal ya tapi sebanding dg citarasa makanan nya, lumayan enak u makanan nya, untuk tempat baik hanya kebersihannya bisa ditingkatkan kembali.
Enak kolam renang yang dewasa walaubpun aku masih kecil tapi di kolam dewasa aja dech soalnya kolam anak2 nya ngak nyaman MAKANAN NYA SUPER DUPER ENAK TP MAHAL
Tempat yang sangat indah dan menyenangkan, tapi sayang waktu mancing ikanya gak mau nyantel bos, saran dari saya sebagai pelanggan banyu mili, ikanya ditambah lagi terus jual pakan pancing ome, sukses selalu
Biasa2 masakan jg ga terlalu enak tp tempat luas ada kolam renang cm airnya keruh
Menurut saya banyumili itu ngk sekedar restoran tp paket komplit,tau kan arti komplit smua ada,,mulai dari kolam renang,pemancingan,danau,spot foto ok,tempat nyaman sejuk luas .dan jangan lupa wajib di coba menu menu dari banyumili resto,smua makananya enak enak,apa lagi udang bakar madu sama nasi goreng sefoodnya..mantullll
Senang sekali anak2 disini betah ..
Tempat luas, makanan sesuai, suasana tenang... recomended buat keluarga atau kompani.
Makanan skrg tidak enak,  pelayanan dan pas d kasir waktu d tanyain makanan ga enak cuma diam,  makanan beda sama yg dulu.  Yg skrg hambar bar bar ga terasa,  ikan goreng tepung,  kangkung, ikam bakar yg d bakar seadanya tanpa bumbu,  tempe goreng,  telur banyumili buaet kayak d goreng tanpa garam,  asal2 le masal..  Harga ga sesuai dengan rasa,  bobrok resto banyumili
Berkunjung ke sini bersama teman dan keluarga. Tempat nyaman, kolam renang cukup luas dan aman untuk anak - anak. Masakannya juga cukup enak
Tempat kumpul keluarga yg cukup menyenangkan di Jogja letaknya di daerah Sleman, sejuk dan paket makanannya enak. Tersedia kolam renang untuk anak dan dewasa.
terdapat wahana bermain anak. Parkir luas..  Ada kolam pemancingan. Rimbun pepohonan. Kalau bisa jalan dekat mushola tambahi penerangan..
Guramenya juara banget, sama Udang Madunya mantaapp.. harga juga terjangkau.. restonya luas banget.. ada kolam renangnya.. buat weding cocok, buat gathering juga cocok.. Parkirannya luas..jadi buat rombongan bus juga bisa banget.. cuma musholanya kurang luas, tempat wudu cowok ceweknya gak di pisah.. kamar mandi / toiletnya harus sering di cek..karena mungkin banyak anak kecil yang buang air jarang di siram..
Saya kesana sepi ya mungkin masih new normal. Cm untuk makanan rasa standart lumayanlah ya. Nasi goreng g recommend ya. Tempenya lumayan. Sayang enggak ada kerang di sini.
Luas sekali.. mancing bawa alat and umpan sendiri ya.. pake kepala udang sisa pesanan kalo mau dapat bawal yang super besar
Tempat wisata air yang ramah anak. Kalau mau berenang wajib menggunakan baju renang. Menu makan banyak rasanya enak.
Tempatnya bersih...makanan lumayan enak. Cuma sayang air kolan renang pekat aroma kaporit.
Makanan nya enak, ada tempat pemancingan nya, salah satu resto yang ada danau nya, ada tempat berenang. Tempat yang cocok untuk weekend bersama keluarga. Jangan lupa mampir
Resto acara arisan keluarga ini namanya.. cocok banget jadi tempat kumpul keluarga.. ada pemancingan (untuk bapak nya kalo mulai bosan) ibu-ibunya otomatis arisan, makan dan foto (semuanya ğŸ‘)... kalau yang bawa anak bisa renang juga (masih bisa diawasi langsung sama ibunya sembari arisan)... trus yang remaja juga bisa main bebekan(kapalan itu lo.. yang bentuknya bebek)
Walaupun tmpt nya g seberapa besar tp nyaman buat anak, ortu nya bs nungguin anak renang sambil makan jg Mkanan nya lumayan enak
Tempat Sangat Luas Makananya Enak, 1 Lagi Jangan Dilewatkan Photo2 Dikampung Pendekar, Dan 1 Lagi ... Mancing Ikan BawalNya, Hitungan Detik Ikan Langsung Makan Umpan, IkanNya Besar2.
Makanannya enak, harganya murah, kolam sm toiletnya bersih. Tp sayang yg jaga tiket renang sm kang parkirnya gak bisa senyum.
Tempat makan yang cukup asyik buat keluarga. Harga relatif. Ada kolam renang luas, tiket dibeli terpisah.
Berenang dg anak.. seger. Bening banget airnya
Menu ikan bakar kecap nyaaa gurih enak  .. Ini ada kolam renang nya juga . Cocok buat makan bareng keluarga.
Waiternya ramah2 makanannya enak2, tempat nya bagus nyaman untuk kumpul bersama keluarga, ada danau dan pemancingan, parkiran nya luas, ada kolam berenang nya. Jangan lupa berkunjung ke banyumili resto â¤
Reccomended buat pertemuan keluarga gaess,,,untuk anak ada kolam renang semua umur,,untuk dewasa bisa santuy mancing
Luas banget tempat nya anak sama istri ku bisa kejaran terus berenang habis makan makan rekomen banget sih ini
Tempatnya besih, ada danau untuk pemancingan, ada kolam renang, menunya enak, recomended banget buat kumpul kumpul bareng family wkwk
Parkir luas, resto, kolam renang, pemancingan dalam 1 lokasi
Tempat yang cocok untuk kumpul bareng keluarga, pemandangannya bagus, ada danau untuk pemancingan, dan makanannya enak apalagi udang bakar madunya recommended sekali...
Makanannya enak, tempatnya sangat luas Ada mainan bebek2an, bisa lihat kuda dan kolam renang yg lumayan luas. Lengkap
Tempatnya bagus buat rekreasi
pertama kali makan disini, untuk tempatnya luas, fasilitasnya lengkap dan bersih, rasa masakan enak, untuk harga cukup diatas rata-rata.
Tempat nyaman enak untuk makan keluarga dan dapat berenang sekalian
Sudah reservasi sejak H-2 lewat WA, minta disajikan jam 13.00 pas sampai sana tetep hrs nunggu lama 45 menitan lebih, sudah pesan menu sejak reservasi ternyata yg ditulis oleh waitress tdk sesuai yg dipesan, minta difotoin catatan pesanan wkt reservasi kagak dikasih, rasa makanannya standard, dgn harga lebih mahal dr resto lain, nggak akan kesini lagi
Tempat nyaman untuk berkumpul dan makan bersama keluarga,anak juga bisa renang
Makanan nya enak. Ada kolam renangnya juga. Tapi sayang toilet pria nya pada mampet. Jadi bau banget kl masuk toilet. Tolong diperhatikan kebersihan dan kenyamanan toiletnya.
Makanan masih tergolong ramah di kantong. Cuma petugas di kasir kurang, sekedar bayar ngantri, apalagi pas libur Lebaran harusnya ada backup/ tambahan orang
Makanannya lumayan enak, cm tolong diperhatikan petugas restonya, seperti udah malas2an, apakah karena masih suasana lebaran y?
Enak, harga ya lumayan standar lah Cuma prosesnya lumayan lama juga
Uang deposit mancing masih sisa tp tidak d komfirmasi, pas d tanya alasannya sisa sedikit, pdhal masih bisa beli air mineral
Tempat luas,variasi menu lumayan,mudah dijangkau...cm tpat renang dekat ruang makan,lantai jd basah n licin!
Harus ada perbaikan krn tempat cuci tangan airnya tdk mengalir, tikar lesehan kotor berdebu, meja makan kurang bersih Pelayananya si lumayan baik, menunya enak.Mk perlu ada peningkatan utk menciptakan suasana yg nyaman utk konsumen.mohon maaf ya..ini hanya saran demi kemajuan ke depannya.trmksh
Kolam renangnya bersih. Tempatnya luas. Rekomended gurame goreng cobek , cumi goreng tepung ğŸ‘ğŸ‘ğŸ‘
Pengalaman yg sangat menyenangkan disini, harganya murah, rasanya mantab, ada paket buat travelers juga kok, rekomendasi banget deh pokonya.
Tempatnya enak ada kolam renangnya juga
Tempat makan yg ada kolam renangnya jadi cocok kalo bawa bocil
Mari merapat yang mau cari tempat mam enakk untuk sekeluarga besar tempatny luas ada area berenang jadi bikin ngumpul makin asik sama keluarga, recommen bet dah besok mau balik lagi..ğŸ˜
Tempat ini tempat yang paling nyaman untuk kumpul dengan keluarga karena selain merupakan restoran, tempat ini juga menyediakan tempat wisata rekreasi yaitu kolam renang dan danau, dimana kita bisa semakin akrab dengan keluarga di tempat ini dan di tempat ini juga kita mendapatkan keramahan dari pekerja pekerja yang ada .
tempat yang asyik untuk makan bersama temen dan keluarga. anak2 bisa berenang. makanannya enak dan tidak mahal.
Tempat luas .. ada kolam renang & pemancingan .. nyaman untuk santai bersama keluarga .
Tempat wisata di jogja untuk bersantai maupun untuk menikmati liburan bersama keluarga, Banyu Mili Resto sangat cocok dan saya rekomend banget, apalagi danau banyu mili sangattt..sangattt bagus untuk anak muda dan keluarga menikmari liburannya di akhir pekan.
Tempat yang cocok untuk liburan keluarga ada kolam renang dan danau untuk mancing, makanannya enak tempatnya bagus pokoknya rekomended bgt...
Masakan enak, cocok untuk seluruh keluarga, ada kolam renang untuk anak2
Tempatnya ok.... Kalau mau sholat, Mushola nya deket pintu masuk...... Cocok buat kumpul-kumpul bareng keluarga................................. Kalau bawa anak-anak lebih seru............ Dilarang bawa makanan dari luar...............
Family resto banget... Kolam renangnya nyaman, airnya bebas kaporit, kamar mandi bersih, anak2 pasti happy kalo maen ke sini
Bagus tempatnya, ada kolam renangnya untuk keluarga, naik kuda  untuk anak anak, mancing, untuk foto tempatnya bagus, makanannya enak enak.. recommend dech
Tempat nya luas dan nyaman, hrga juga tdak mahal sperti tmpt lain nya ,bagi yg sedang liburan ke jogja coba deh mampir ke sini dan berikan komentar nya okay.....
Kesini karena ada acara buka bersama, ternyata tempat nya bagus, ada kolam renang airnya juga bersih,, di bagian belakang ada tempat luas untuk memancing dan ada kuda nya juga,
Banyak ikan kecil2 red devil sama louhan, ngabisin umpan, saran kalo ikan2 kecil boleh dibawa pulang biar berkurang
Sungguh tempat yg nyaman untuk santai, makanan enak bisa sambil mancing ikan. Angin semilir sepoi2 menyegarkan. Akan merasa rugi jika di jogja tdk mampir ke Banyu Mili. Pokoke jos ..... !!!.
Tempat asyik untuk berenang dan pertemuan
Tempatnya enak santai... ada kolam renangnya.. cocok untuk makan siang bersama keluarga Makanannya pun enak .... sambel trasi dadaknya uenak ğŸ‘ğŸ–’ğŸ‘juara
Mohon maaf untuk musholla nya kotor kyk GK terawat air kolam renang juga ada yang kotor sama air mancur yg ada didepan ijo bangett....
tempatnya keren banget .. makanannya juga enak.. asik buat kumpul keluarga.. sama pacar juga bisa.. BANYAK SPOT FOTO.. ADEMMMM.. ADA KOLAM BERENANG
Tempat renang, playground anak, makan dan kumpul keluarga yang asik. Venue menarik, ada view â€œlakeâ€, view kolam dll.
Banyumili tmpatnya nyaman indah cocok buat foto2....makanannya  enak..sip lah pokoknya jempol 2...terutama nasi goreng dan bkmi gorengnya. yahud abiz..d tambh ada danau pemancingannya..
Tempat luas. Ada kolam renangnya
Tempat sangat luas, adem banget, ada danau buatan,ada kolam renang juga. Kalau beli minuman botol lumayan mahal harganya
Sudah reservasi jauh2 hari,tetapi meja dan spot yg di pesan malah dipakai sama orang,tanpa ada solusi.Sia2 aja pakai reservasi segala,judulnya milih on the spot.
resto yang nyaman, luas, view yang bagus dilengkapi dengan kolam renang, aman untuk anak-anak. Rekomended untuk acara arisan, pertemuan keluarga, rapat dll
Kol renang nya ada yg buat anak2, ada bebek dayung nya di danau kecil. Cuman maem nya mahal. Mungkin guramenya  organik kali ya...
Bagus, harga reasonable, makanan enak
Banyumili resto tempatnya cocok buat liburan keluarga dan teman, bagus buat foto-foto, kolam renangnya jernih banget, makanannya enak2 banget apalagi ayam kampung kremesnya yummy banget deh, pokoknya bikin nyaman ditambah tempatnya bersih dan sejuk .. see you next time BanyuMili
Salah satu tempat liburan untuk keluarga ....resto .... kolam renang bermain anak.... kolam pancing CnR.  Ibu dan anak anak bisa kuliner di area resto dan kolam renang....Ibu bisa duduk duduk manis diarea resto pinggir kolam sambil kuliner dan bisa langsung nyupain buah hati yg lagi renang..... sedangkan ayah bisa refreshing di kolam pancing CnR yg ada di area bawah bagian belakang ... jika jackot bisa naikan bawal monster....
Banyu Mili tempatnya bagus, suasananya menarik karena di kelilingi kolam renang. hanya saja perlu ditingkatkan lagi pelayanan kurang maksimal dan harga makannnya sedikit kemahalan dengan rasa yang rata2.
Makanannya sangat lezat , pemandangannya juga bagus cocok banget nihh buat liburan sama keluarga , pelayanan juga ramah , puas deh makan dan berenang di Banyumili
Wahana kolam ok, cocok untuk pertemuan maupun keluarga. Paket makanannya kebanyakan paket bersama (banyak orang).  Untuk rasa makanan ok sedap, bumbu terasa.
Saya emang blum pernah menikmati hidangannya... ğŸ™ Tapi sya pernah ke lokasinya, survey lokasi sangat cocok utk santai, & jauh dr keramaian (tenang & damai rasanya) ğŸ˜‡ğŸ‘
Tempat makan yang luas dengan menu yang cukup bervariasi dan rasa masakan yang memuaskan. Cocok untuk reuni, makan malam keluarga. Ada kolam renang juga
Kolam renangnya murah dan cocok untuk anak2..  Masakannya juga enak2..  Cocoklah untuk nyantai di kala weekend sama keluarga
Tempat luas, makanannya enak, ada kolam renangnya, anak suka sekali, puasss lahhh
Masakannya sesuai selera klg kami..tempatnya lumayan nyaman untuk santai bersama klg terutama cucu2 ygsuka berenang
Tempatnya luas,sunyi yg di bagian lapangan belakang banyu Mili itu sangat bagus untuk bersantai dan menyendiriğŸ¥°the best pokoknya
Enak, nyaman buat quality time bareng keluarga, anak2 pasti seneng berenang, makanannya pun enak
Tempat luas.. makanan nya enak.. Anak2 bahagia berenang berjam2 aman.. mama papa makan kenyang dan enak.. ğŸ¥°ğŸ¥°ğŸ¥°
Bagus makanan nya enak tempat nya sejuk trs buat mancing sama ada kolam renang nya pokok e bagus bgt
Pelayanan sangat buruk, kami bertanya kpd pelayan, dan di jawab tutup jam 18.30. Namun di jam 18.05 semua lampu sudah di matikan, samasekali tidak ada penerangan dan tanpa pemberitahuan ataupun peringatan samasekali.
Ke sini lebih enak kalau sekeluarga. Bisa berenang, bisa main di danau, bisa mancing dll. Rasa cukup enak, gurameh bakarnya nendang. Siap-siap merogoh kocek cukup dalam.
Luassss tempatnya, plus ada kolam renang dewasa, anak dan juga danau, cocok untuk rombongan besar, lokasi tidak jauh dari pusat kota
Makanannya enak enak, harganya juga tidak terlalu mahal. Juga ada kolam renang, kolam renangnya juga nyaman. Rekomendasi untuk berlibur bersama keluarga
Resto memiliki masakan yg enak,, fasilitas lengkap dengan kolam renang untuk anak dan dewasa, buat yg hobby mancing juga ada kolam pemancinganya..
Tempatnya sangattttt luass. Masakannya enakkkk. Dengan jumlah pengunjung yang banyak, pelayanan tetap cepat. ğŸ‘ğŸ‘ğŸ‘ Harga sesuai kualitas.
Tempatnya bagus, enak. Seger Tapi menu makanannya gg rekomended, nasinya keras, banyak batunya, udangnya gg bersih, gg sesuai sama harga..ğŸ¤—
tempatnya enak untuk makan bersama keluarga ada wahana untuk anak kecil juga jadi ga repot kalo si bocah bosen. makanannya juga enak
Bisa hangatin makanan bayi disini, semoga bermanfaat infonya buat ortu yg anaknya lagi mpasi
Sebuah resto yg sebetulnya tersembunyi, namun banyak dikunjungi oleh para konsumen. Berada dipojok sebuah real estate membuat class tersendiri bagi resto ini. Suasananya syahdu dan berada dipinggir sebuah kali, menjadikan area romantis bagi pasangan2 muda
Tempat makan dan mancing yg lumayan oke
Tempatnya bersih, makanannya enak, ramah anak
Mantab........ Recomended deh pokoke.......
Resto dg gabungan kolam renang yg cocok utk keluarga,  makanan jg ada berbagai macam,  silahkan dicoba, bisa bwt makan sambil anak2 berenang...
Makanan enak2 pelayanan bagus view pemandangan nya keren dan sejuk enak buat rekreasi bermain untuk anak dan keluarga banyak pilihan makan seafood.
Bisa renang sekaligus makan bersama keluarga di daerah kota, tempat yang nyaman. Ditambah bisa menikmati pemandangan sambil swa foto alias selfie...
Kolam Renang Harga 20k perorang dan yang perempuan wajib menggunakan Seragam Renang dan yang laki laki minimal celana
resto dengan menu udang madu yg super mak nyus,ada kolam renang di tengahÂ² nya,bisa untuk memanjakn ank anda dengan berenang.
resto ini keliatan biasa aja klo dari luar ternyata setelah masuk lumayan bagus untuk santai krn ada danau buatannya & kolam pemancingan, asri juga cocok untuk keluarga.
Makanan nya enak, ada tempat pemancingan nya, salah satu resto yang ada danau nya, ada tempat berenang. Tempat yang cocok untuk weekend bersama keluargağŸ˜
Tempatnya bagus, cocok buat acara keluarga, kantor, dll.. Kolam renangnya oke, tapi airnya kotor, ditempat bilas airnya habis
Restoran yg ada kolam renangnya. Di bagian bawah ada danau buatan. Ada tempat pemancingannya juga. Cocok sekali untuk acara gathering.
Tempatnya asik, apalagi bawa keluarga. Bisa berenang dan memancing
Tempat makan dan bermain yg tepat buat anak dan keluarga, ada kolam renang buat main anak2 dan juga ada danau buatan yg cukup besar, citarasa makanan juga enak...bumbunya pas
Masakan enak...tempat mancing ikannya besarrrr
Enak, cepat, dah lama gak maen ke sini slama pandemi. Utk toilet mgkn bs lbh diperhatikan kebersihannya. Krn dah lama gak dipake jd mgkn terliat kurang terawat
Banyumili tempat ternyaman buat acara rekreasi keluarga maupun sama teman, dengan tempatnya yang nyaman Dan bersih juga udaranya yang sejuk, udang bakar madunya recommend banget, puas juga dengan pelayanan waiters nya yang ramah thanks Banyumili RestoğŸ˜˜ğŸ’
Rumah makan untuk di barat kota jogja ini cocok untuk acara kekuarga , bersantai dengan anak anak , fasilitas terdapat kolam renang dan danau buatan, makanan nya lumayan , harga cukupan,
Bersih,sejuk,nyaman
Tempatnya nyaman buat rekreasi air anak2. Cuma makanannya terbilang lumayan mahal untuk ukuran kantong orang jogja..... (Ga tau ya.... Relatif sih)
Tempatnya enak, makanannya juga enak tapi agak mahal. Buat berenang tempatnya luas, kalo ngajak anak2 pasti seneng
Luas. Kursi banyak. Parkir luas. Ada kolam renang untuk anak2. Sayangnya agak kurang bersih. Tidak ada buku menu
Tempatnya jadi satu dengan area kolam renang..jadi terkwsan kurang bersih, dan harga makanan juga cukup mahal dibanding kenyamanan nya...
nyaman banget, bisa renang, bisa mancing, pokoknya .....ğŸ‘ gak percaya ....... coba saja.
Bisa renang, cuma pelayannya pas buka puasa agak bingung, salah2 pesanan
Bagus tempatnya, anak anak sangat suka tempat wahana kolam renang nya. Bersih dan harga terjangkau.
Udangnya enak bgt.. mantap bgt deh.. kolam renang nya cocok bagi yang belum terlalu bisa renang.. ada kolam anak jga seru banget mantap
Tempatnya selalu ramai, kolam renang juga cocok untuk anak-anak diatas 3 tahun. untuk cita rasa makanan, standar cafe.
Sekarang ada peraturan yang mau berenang kalau cewek harus pakai pakaian renang ... Udah jauh2 ke banyumili.. Eer akhirnya gag jadi.... ^^
Seru. Makanan gurame bakarnya enak banget. Udang nya jga super. Gueedee.. Paling seneng ngajak anak anaj ke sini bisa sambil renang
Cocok banget buat renang anak-anak
Tempatnya bagus, makananya enak..
Suasana lumayan enak. Tetapi kok di nasinya ada karetnya? Tidak dikasih centong buat ambil nasi juga.  Spv dan kasirnya ramah, tetapi waitress nya yg kurang ramah.
Masakan enak, tempat luas dan bersih
Lumayan makanannya. Untuk tempatnya rekomen banget buat kalian yang pengin cari tempat foto. Dan ada pemancingan juga
Cocok buat acara trah keluarga besar.
Makanan lumayan Parkir luas Mancing gratis emang harus makan minimal 250 ribu ikan besar ada bawal master
Udang goreng dan gurame bakarnya paling legiiit... kolam renangnya luaaaas... tempat main idaman anak2... harga makanan relatif mahal...
Tempat nyaman, kolam renang bersih, makanan beraneka ragam
Nothing special mnurut ku.... gak semerbak yg di review orang2.... mungkin lebih disarankan utk yg mbawa keluarga besar berikut pasukan anak2 yg banyak.... ğŸ˜‚
Tenpat favorit berkunjung kalau lagi ke jogja selain menu nya banyak bisa renang sama mancing,kebetulan saudaraku suka mancing hehehe
Anak2 bisa renang main air sembari mnunggu makanan pesanan datang, danaunya jg gk kalah menarik
Cukup mahal makanannya, tp enak... Hehe... Klo renang kadang blh ga pakai baju renang, terkadang ga boleh... Ga konsisten
Banyu mili resto, tempat nya nyaman.. luas.. cocok sih buat acara kumpul keluarga.. atau ajak teman.. masakannya lumayan enak.. so ini sih family friendly banget ğŸ˜
Resto yg ramah keluarga, bisa mancing, anak2 bisa berenang. Makanannya enak, cmn mng harus sabar menanti yaaa
makananya biasa saja, tiket masuk mahal. tidak sesuai dengan pelayananya.  Ada bapak yang mengawasi, terkesan tidak nyaman. sangat menggangu. #Tidak ada live guard.
Yang bikin seneng anak2 karena ada kolam renang ya, habis berenang langsung makan ikan bakar.. Mantap..
tempat yg family friendly untuk kumpul keluarga sambil renang atau naik bebek2an. harganya lumayan masakannya biasa
Restonya luas, lebih yg suka lokasi yg ada danaunya..  Adem pas buat refresing sambil menikmati masakannya..
tempatnya enak buat kumpul keluarga ataupun acara, makanannya juga lumayan. harga berkisar untuk menengah keatas.
Tempatnya bagus, luas, buat acara keluarga cocok, makanannya juga enak. Kalau penasan langsung aja ke sana di jamin gk rugi deh.
Asyik tempatnya
sebuah resto dengan konsep kolam renang, sangat cocok untuk membawa anak-anak berenang sambil menikmati berbagai menu masakan
Masakannya enak, tempat asri ada rerumputan dan danau kecil, ada sepeda air dan kolam renang jg. Hrga makanan sepadan dengan rasanya.
Tempat kuliner yang sangat cocok buat anda sekeluarga & kumpul bersama temanÂ² komunitas. Pilihan menunya banyak dan lezat rasanya.
Makanannya Mehong. Tur B aja gak yang gimana2 banget.  Ada kolam renang, bisa jalan sampai kebelakang.. Pemandangan worth it lah ya...
Pelayanan buruk.. sopan santun terhadap pelanggan kurang bangett.. Ga sopan pelayan nya
Suasana sangat bagus sekali ,apalagi kalau bawa anak-anak pasti suka keliling berputar putar
Langganan dari jaman dulu, makanan enak sambil nemenin anak2 berenang, suami mancing pokoknya komplit
Tempat komplit bersama keluarga besar
Tempat nya enak buat rekreasi keluarga, ada kolam renang, tempat mancing ( bg yg suka mancing ) tempat nya bagus buat foto-foto ( bg yg suka Selfi )
tempat makan yg suasana nya oke .... bisa buat berenang juga .... recomend untuk tempat bersantai bersama orang orang terkasih
Cocok buat maen sama anak, mantul bro
Tempat makan plus wisata yang enak, luas,ada kolam renang luas buat dewasa dan anak2,danau luas, lengkap pokoknya
Makanan sangat enak dan harga sangat terjangkau ramah dikantong
Tempat nya luas nyaman untuk keluarga ataupun pertemuan Pemandangan nya bagus Gak bosen lihat sekeliling
Tempat berenang yg asik, kolam besar, ada pemancingan nya juga. Ada resto nya juga. Tempat luas, ada outdoor & indoor. parkir luas
Top....nyaman..lingkungan asri..sambil anter keluarga berenang..bisa menikmati makanan yang enak ,harga terjangkau
Kolam renangnya enak buat anak2, makanannya ga pake lama. Cuma tempat buat nungguin anak2nya kurang cozy
Tempat yang enak untuk berlibur bersama keluarga. Renang untuk anak2 sekaligus makan. Rekomended
Hrg nya terjangkau, pernah bgadakan pertemuan disini, jg ada kolam renangnya. Cocok utk refresing sekeluarga...
Resto bernuansa alam dengan kolam renang dan pemancingan
Pas buat ngumpul keluarga dan teman2... anak2 bisa renang, bapak2 bisa mancing, emaknya tinggal kulineran sambil ngerumpi.... ğŸ˜‚
Enak udang madunya... Tempatnya enk buat family gathering, kolamnya menggiurkan untuk berenang... Harganya ya sepadan dengan yang dinikmati...
Tempatnya luas, bersih, dan indah. Cocok untuk acara reuni sekolah, arisan keluarga, dll. Tersedia juga kolam renang luas.
Tmpat nya lumayan, tpi pelayanan utk masalah makanan supeeeeeeerrrr lamaaaaa... Bahkan pesan air minum aja nunggu sejam lebih ga dtg2.
nyaman buat liburan keluarga.... ada spot mancing, renang dan makanannya enak.... bisa beli bibit tanaman buah yg langka juga
Ini luas.bagus.bisa buat ramaiÂ² di sini
Tempat yang cocok untuk rekreasi bersama keluarga makanannya enak dan recommended sekali
Tempatnya enak ada kolam renang juga, cocok untuk anak anak, sayangnya menu mahal dan pelayanan nya kurang bagus
Tempat sejuk ,nyaman untuk acara keluarga
Tidak tersedia colokan di sekitar meja dekat kolam renang
Tempetnya keren...halaman luas da kolam renang pokoknya top dech.ngajak anak2 pasti puas mainnya
Ada kolam renang dan tempat buat rekreasi, memancing dan bersantai. Tapi menu makanan biasa saja dan harganya cukup mahal.
Tempatnya sangat bagus utk berfoto Makanan enak
Tempatnya nyaman untuk nungguin anak renang sambil makan minum bareng keluarga.
Resto lama tp pelayanan baik...tampaknya sekarang kalah bersaing dengan resto yg lebih baru dan modern
Pelayanan ramah, ambience nya menenangkan & masakannya variatif & lezat! Surely will visit again next time :)
Resto beserta kolam renang dari mulai kolam renang anak2 sampai dengan kolam dewasa. untuk makanannya harga termasuk cukupan sedangkan rasa sebanding dengan harganya.
Kolam Renang Oke, Makanan Oke, Cuma Kalau Mancing Lebih Baik Pakai Umpan Daripada Di Casting, Agak Susah Kalau Di Casting
Pemandangannya bagus, ada fasilitas utk anak renang, ada kolam penancingan, ada danaunya. Menubyapun jugga lengkap.
Resto dengan menu yang lumayan enak. kemari sih makan nomor 2 yang paling penting mancingnya.. ikan bawalnya jumbo2 bisa buat olahraga otot..
Makanan enak, bervariasi, menu ikannya jempolan..cuma harga agak mahal untuk ukuran yogya.. Cocok buat reuni dan acara keluarga
Tempatnya bersih,pesen makan juga cepet pelayanannya...utk berenang harga tiket masuknya jg terjangkau
Rekomendasi untuk wisata bareng keluarga tapi nggak jauh dari kota, cukup bisa menghilangkan penat, parkir luas, dan aksesnya mudah
Tempat yang cocok untuk bersantap dan bersantai bersama anak anda
Menu lumayan enak. Hanya pelayannya agak kurang sopan. Banyak bercanda dan tertawa dengan keras. Pas ditanya menunya apa saja nggak bisa jawab.
Parkir luas, ada resto atas dan bawah, taman bawah luas dan indah cocok untuk hunting foto, ada kolam renang.
Tempatnya nyaman dengan area parkir yang luas. Menu makanannya enak serta ramah pelayanannya ğŸ‘
Tempatnya bagus ada kolam renangnya juga habis berÃ¨nang bisa langsung makan masakannya lumayan .
Ada kolam renang utk anak2. Tempat luas dan asri. Makanan lumayan, harga relatif mahal
Kolam renang banyak dan variatif tapi syg tdk ada life guard...mengingat ini juga ada area kolam anak.
Tempat Makan Cukup Oke dan Luas sekali, Cocok utk Family Gatering, dan Makan nya Cukup Enak.
makanan enak, tempat luas bikin betah, kolam renang juga bersih dan menyengkan bagi anak-anak
another favorit pricey resto in jogja :) tempatnya bisa memanjakan mata bgt. cocok bawa sanak keluarga kesana, ada kolam renangnya jg
Tempat luas,lumayan enak.tpi kadang ktyawannya  ngeluh klo nmbh pesanan.mgkin sdh capek kali ya.soalnya wktu itu sdh jam 10mlm
Tempatnya nyaman buat kumpul bersama keluarga dengan sajian makanan yang manja (mantap jiwa) sangat recomended
Pelayanan nya baik,makanan nya enak, tempat yang cocok untuk kumpul bersama keluarga.tersedia tempat pemancingan dan danau .lahan parkiran yang luas dan tertata.
Tempat luas, bisa mancing, bisa berenang, makanan lumayan juga..cuman tolong di kolamnya dikasi safeguard dong..
tempat makan yang recommended buat wisata dengan keluarga.. ada restauran dan kolam renang yang luas.. guramehnya mantab.. parkirnya luas.. ada toiletnya dan mushola
Tempat cukup luas, aman,parkir nyaman, menu banyak pilihan, cocok untuk acara wedding party, birthday, dan reunian...
Makanan dan suasannya enak. Ada kolam renang buat anak anak. Ada danau buat yang suka mancing.
Tempat luas, makanan enak, reecomended resto keluarga, ada danau untuk memancing
Cozy place to spend time with family, ada swiming pool untuk anak dan dewasa, ada meeting space, ada restaurant dan juga parkir yg lumayan luas
Tempat unik..bagus buat makan sambil piknik keluarga..ada kolamnya bikin anak2 betahhhğŸ‘ğŸ‘
Menu enak, tempat luas, karena ramai, pelayanan perlu terus diupgrade agar hak kustomer tetap didapatkan.  Tempat ini direkomendasikan.
Makanan enak, pelayanan cukup cepat, tempat nyaman sejuk
Tempatnya luas.. Parkiran juga luas.. kalau buat lokasi bagus lah.. Hanya masalahnya di rasa makanannya yang kurang variasi & rasa..
Bagus tempatnya. Tersedia kolam renang buat anak-anak dan remaja, serta orang dewasa.
Merayakan hari wisuda sahabatku namanya olin si pengusaha cupcake di jogja nisa di cek ignya @acupacake. Makanannya disini enak ofcourse karena aku dibayarin hehhe tempatnya juga bagusssssssss
Kelebihanannya mungkin hanya karena ada kolam renangnya, harga lumayan mahal, rasa biasa saja. Tempat makan juga sedikit jadul
Tempat yg nyaman bagi anak2 utk berenang dan tersedia aneka masakan yang enak
asyeek buat tempat rekreasi keluarga
Sy sk tmpt mkn dsni, menu n hargax standar, cucok/amn jg buat anak2 , krn ada tmpt brmaen anak..pkkx mantap deh...
Tempatnya nyaman, makanannya cocok utk acara keluarga ğŸ‘
Yang ingin berwisata kembali ke jaman dulu Banyumili tempatnya,ada kolam renang juga untuk wahana bermain anak2 dan dewasa
kolam nya kotor, banyak daun2 gitu, kamar mandi nya agak crispy ğŸ™‚ tapi suasana nya nyaman bgt
Sayang ga ada mendoan anget, tidak ada pop mie, jadi nunggu di masak dulu masakan bakmi dll nya. Keburu lapar
sip luas banget sama ada kolam renang dan pemancingan serta ada udang madu sipğŸ˜
Resto yang sangat cocok bagi keluarga. Tempat luas, ada kolam renang, kolam pemancingan. Bisa untuk acara reuni. Banyak tempat yang instagramable
Ada kolam renangnya. Cocok untuk liburan bersama keluarga besar. Makanan lumayan dengan menu yang variatif
Tempat makan dengan kolam renang anak dan dewasa yang menyediakan menu makanan penuh citarasa yang lumayan enak