Masakannya enak, tempatnya asik, luas ngga panas, bisa jadi destinasi tiap kali ke jogja nih...
Tempatnya sejuk, ada kolam renang untuk anak2, dewasa jg bsa renang, makanannya enak, ayam gorengnya favorit
tempat luas , makanan cukup enak  .sayang toilet kurang bersih
Berenang n jalan pagi pagi disini nyaman banget, udaranya Segar ,sejuk ,pemandangannya juga buat mata fresh...
Tempatnya cukup luas.. untuk makannya ada udang bakar madu nya yang juaraaakk
Lokasi cukup luas, spot memancing banyak, terdapat kolam renang untuk anak-anak. Air bersih mudah diakses, toilet bersih
Parah, makanan lama datang 1 jam lebih belum datang. Pesanan salah, pelayanan sangat buruk, semua karyawan tidak ramah. Tidak ada minta maaf. Cukup sekali datang kesini kalo bisa kasih bintang nol
Banyumili resto ini ga hanya tempat buat makan aja lo, tapi juga ada kolam renang yg gede n luas banget. Ada kolam renang utk yg dewasa n anak, so bakalan aman klo mau ajak baby renang di sini. Klo ke sini mah buat renang doang sama bocil2. Ga pernah ke restonya, cm enak kok viewnya
Tempat makan asyik... Bisa sambil renang. View nya bagus., apalagi kalo dpt tempat yg dipinggir sungainya. Josss..  Salam kenal dari FB, IG, Tiktok, Youtube@PamanAlink
Resto gede tp gak disambut tp tk masalah,untuk paketan hrganya lmyan trjangku bisa plih sesuai orangnya,,t4nya enak bwt nggu buka puasa
Bisa digunakan untuk meeting, berenang dan family. Kolam renang bersih, space luas, sayang kurang stop kontak dan pegawai kurang tanggap. Harga untuk berenang 20 rb, ada perlengkapan juga. Jadi cocok untuk tempat makan, bersantai dan meeting. Untuk makanan hanya bisa kalau porsi besar atau family
Tempat yg asyik dan luas, ada kolam renang dan kolam pancing Tempat dan makanan bersih makanan yg top markotop terutama Gurame Telur Mentega dan telur banyumili
Tempat nya luas banget, cocok buat acara gathering ataupun sekedar bersantai. Ada kolam renang luas dan juga kolam ikan. Suasana nya nyaman sekali, tidak bising kendaraan.
Langganan sejak sepuluh taun yang lalu, gak banyak perubahan, rasa makanan standart gak ada yg istimewa, harga sekelas resto, enak bawa anak2 sambil berenang
Restoran dengan nuansa 2 pilihan, indoor dan outdoor, sambil bersantai Anda dapat menyalurkan hobi mancing bersama keluarga
Resto yg cukup legend tp sayang banyak spot yg kurang terawat terutama dibagian menuju musholla dan mushollanya
Tempat yang well. Luas sekali. Tempat parkir luas. Tempat makan luas. Tempat berenang lumayan luas. Halaman belakang keren dan luas. Makanannya lumayan. Top deh
Tamannya sangat indah dan ada kolam berenang untuk anak2 pergi ke banyu mili wajib bawa baju renang ya
Selain mancing dirasa setiap Minggu banyak berkurang bawalnya..Tidak ada standard yg seimbang dan tepat..nasi centong kecil dan besar sama aja...kebersihan juga kurang diperhatikan..piring,sendok,mangkok ada sisa bekas kemarin...kebersihan makanan juga...masa di capcay ada ulatnya.. mengecewakan...
Tempat nyaman makanan enak ada kolam renang dan pemancingan
Poolnya lumayan bersih. Kamar bilasnya juga lumayan bersih. Harga masih masuk di kantong.
Ada kolam renangnya khusus utk anak2 ada sendiri dan kolam yg utk d3wasa jg ada. Klo mau renang bayar tiketnya 25rb. Udang madu n gurame asam manisnya recommended. Utk harga makanannya menurut saya kemahalan lah utk menengah ke bawah. Tapi klo utk nasgornya standar. Jadi tgl sesuaikan dg kantong kita aja ya. Bisa pilih makanan yg sesuai kantong kok. Ada musola juga besar. Ada tempat mancingnya jg. Ada ruang pertemuannya juga.
Tempatnya nyaman baik u org dewasa maupun anak2..bisa berenang, mancing , selfi di sana pun kereeeen deh...makanannya pun enaaak loh..
Saya jarang kasih bintang kecil, tapi maaf karena pesan makanan bihun rasanya kecut seperti nya basi dan tidak saya makan.. Utk resto tempat nya bagus
Makanan nya sih standart, sama seperti resto pada umumnya. Yg menarik disini adalah fasilitas kolam renangnya, jd kalo pergi sama keluarga cocok banget.
Renang sore hari di Banyumili, Yogyakarta. Tempatnya cukup nyaman, tapi air nya kurang jernih kalau pas hari kamis.
Tempatnya nyaman cocok utk bawa keluarga. Makanannya enak
Berenang bayar Rp. 25.000/ orang. Area nyaman untuk family time. Tersedia kamar mandi, mushola dan pilihan menu makanan bervariasi.
Makanan sangat enak. Suasana nya sangat menenangkanğŸ’¯
Resto ini enak untuk suasana tempatnya yg dekat danau.. ada kolam renangnya juga.. wlpn setting t4 pas masuk di awal agak bikin saya horor.. namun suasana di dlmnya jng salah... ada danau untuk romantis gila.. cocok utk baberque party dan pre wedd atau wedding outdoor. ada kolam renang nya juga ditengah
Tempatnya Bagus luas nyaman Makanan nta super dupper enakkk Cocok buat semua Acara
Kolam renangnya bagus.. ada untuk  anak2   jg.. danau cantik sekali.. makananya enak.. sering ksini buat renang klo libur.. cocok buat yg pesta outdoor ğŸ˜Š
Tempatnya luas
Menu favorit di tempat ini adalah udang madu. Tempat sejuk dan bersih. Menyediakan kolam renang dan pemancingan. Ada beberapa spot ruang makan, menyesuaikan jumlah konsumen mulai dari meja untuk 4 orang hingga untuk 100an orang. ..
Tempatnya sangat luas dan pelayannannya bagus. Bisa digunakan utk acara keluarga dan gathering
Area luas banget seperti 1 desa utk dibikin resto. Area bermain anak jg bnyk JD ank betah lari2an dan main disini. Plus kolam renag. Menu makanan beragam dg kelezatan yg tak diragukan lagi mantul pokoknya. View photo yg keren2 cocok utk instragramble yg suka selpi
Menu lumayan enak.. harga standar.. penyajian tergolong cepat mungkin pas ksna sepi.. tempat luas
Refreshing tidak perlu jauh2 dari kota.....bisa buat kumpul keluarga sambil merasakan sensasi mancing, renang buat anak2.
Udang Bakar Madunya terbaik banget. Wajib cobaaa. Tempatnya pun nice banget Asri. Cocok banget utk bersantai dan makan bersama keluarga
Makanannya enak, nasi hangat, sambel pedes. Fasilitas ada kolam renang, arena mancing, kayuh perahu bebek, kalau sore ada kuda.
Udah dari dulu, untuk urusan enak ga usah ditanya sih yaa
Tempatnya lumayan asik, lokasi yang dibawah luas, kalau yang diatas ada kolam renangnya
Panas Kipas kurang Kolam renang warna putih Teh nya rasanya aneh ya Tp jeruknya enak
Fasilitas :  1. Restoran Bisa reservasi untuk milih tempat. 2. Studio Foto klasik 3. Kolam renang Tiket @20.000 week day @25.000 week end Jual baju renang 4 kolam mancing 5. Bisa buat mini outbond
Tempatnya sangat nyaman sekali, sehingga cocok untuk makan sekalaigus rekreasii
Klo tpt ini jangan di tanya lg yess,, sudah pasti baguuss & luaassss,, ada kolam renang jg bwt anakÂ².. Menu enakÂ², banyak pilihan & gk trlalu mahal...
Makanannya mahal, tapi renang gratis sepuasnya. Kebersihan kolam moderat lah. Tapi anak-anak pasti suka.
hiburan murah meriah buat anak tersayang, makanannya juga enak
Tempat yang nyaman, anak2 berenang, yang nunggu bisa sambil makan, nilai plusnya makanannya cepet jadi, di bagian bawah ada pemancingan dan kolam udang, tempatnya asri dg latar pepohonan bambu, recomended lah pokoknya
Pertama kali ke Banyumili, impresive. Suasananya adem dan bisa banget buat tempat nikahan yang outdoor.  Bagian dalam membayar 10rb untuk berfoto ria.
Air kolam bersih. Makanan enak. Bisa untuk pertemuan orang 100+
Tempat makan sekaligus bisa untuk bermain anak krn ada kolam renang dan permainan nya dikolam jg
Rekomendasi banget buat segala acara, makanannya enakk tempatnya juga asik
Luassss... Kalo mau adain acara enak, ada kolam renang, pancingan, dan yg pasti instagramable..
Asik tempat buat acara keluarga, komunitas,atau perusahaan untuk makan bersama atau gathering..  Kolam renangnya berbagai spot..ada danau dan bebek kayuh.. pelayanan baik dan ramah  Masakan berbagai menu ..ada nasi goreng,bakmi , dan tentunya seafood.. enak tenin pokok'e.. recommended gan
Makanan enak sih tapi suasana terasa jadul gitu
Tempatnya sangat nyaman, sangat luas. Parkirannya luas. Cocok untuk acara keluarga, acara kantor, dan makan bersama yg butuh banyak tempat. Makanannya sangat enak. Memuaskan lah. Terdapat kolam renang, yang mana kalau mau renang harus bayar dulu 20rb. Agak mengecewakan sih.
Tempat asik untuk hangout bareng temen-temen. Ada kolam renang nya. Tapi tempatnya agak kurang terawat
Sangat Recommendedâ€¦ Tempat nyaman, ramah untuk anak2â€¦
Kolam renangnya bagus dan bersih, tapi mungkin karena sudah bangunan lama wehingga fasilitas fasilitas nya juga lama perlu diperbaharui lagi. Menu menunya lumayan mahal.
untuk makanan enak..tempat enak..bisa berenang, bermain dan bisa mancing (alat bawa sendiri)..untuk pelayanannya aja yg kurang..overall is good place, good foods.. foto di danau pas malam hari (habis bukber)
Tempatnya nyaman untuk makan bersama dengan keluarga dengan fasilitas pemancingan, kolam renang dan danau buatan
Tempat hangout bareng keluarga dan teman yang asik. Kolam renangnya aman untuk anak anak
Tempatnya cocok buat keluarga, bisa renang. Harga makanan menengah ke atas .. Ada air kelapa muda juga ğŸ‘ğŸ‘ğŸ¥¥
Enak tempatnya, luas dan ada kolam renangnya dan pas untuk kumpul2 reunian.
Tempat renangnya enak, tp harga makanan lumayan mahal, hehe tp masakannya enak kok
Makanan spesial seafood enak, tmpat sgt luas, ad kolam renang, family friendly.
Bersantai dan mandi manda di kolam renang anak dan dewasa,sambil menikmati makanan banyak pilihan dan  menu..
makanan maknyuss, tempat keren. ada kolam renang, danau, pancingan. suka berlama lama disini
Tempat nya luas.ada kolam rrnang kolam mancing cocok buat kumpul keluarga temen buat nongkrong juga oke.sayang nya kalau malem pas di danau nya lampu nya gak idup.mungkin kalau idup jadi lebih bagus tempat nya
Areanya luass bngt, ada kolam renang utk anak plus Waterboom mini, sebelah ortu BS makan sambil ngawasin ank bermain, di bagian bawah ada danau kecil BS naik bebek2an, dibawah pun jg ada tempat makan lesehannya yg luas pula. Resto cocok utk berkunjung sendiri maupun ber group bersama keluarga, sahabat,  rekan kerja atau rapat diluar. Area parkir jg luas.
Tempatnya luas...ada danaunya di belakang..kolam renang juga luas..menunya udang bakar madu dan gurame bakar madu enaaak banget.
Utk ukuran makanan 7/10, harga menengah ke atas,  plus including kolam renang
Tidak hanya masakannya yang enak, tempatnya juga pas buat kumpul keluarga. Apalagi kalau bawa anak kecil banyak wahana permainan air. Persiapan bawa baju renang hehe.
Ada kolam renang dan kolam mancingnya...jd sambil makan bisa melakukan hobi lain.
Kalo buat mancing, ikannya terlalu kecil2 sih tp makanannya di resto enak n cocok sama lidah keluarga saya, bisa berenang pula n pelayanannya bagus n ramah
Rumah makan yang bisa di gunakan untuk berenang dan bisa makan. Makananya enak untuk berenang cukup  bayar 20rb
Restoran dengan menu spesial Udang. Tempatnya luas & nyaman, makanannya enak, terutama udangnya ğŸ˜œ
First impression, parkiran luas dan bangunan sdh agak jadul yaa..kolamnya luas dan byk. Tempat makan pinggir kolam byk lalatnya. Sy pesen paket ayam/ikan bakar tp syg bgt digoreng dl baru dibakar jd ga terasa smoky-nya.. Karyawan byk tp krng cekatan.  Kl mau mancing wajib psen makan min.250rb free mancing, itupun hrs bawa alat dan umpan sendiri + ikan nya dibalikin lg..
+ Set room bagus + view dan spot photo banyak  - es teh 10.000 dengn rasa tidak manis - harga sya kira terlalu mahal dengn rasa yang tidak setara..  ini review jujur dr saya. dan kalau mau mencoba silahkan.  sekalian saya sertakan dftar menunya yang emezing .... ğŸ˜†ğŸ˜†ğŸ˜†
Menunya enak, dan ada swimingpol nya yg ramah anak. Ada danau yg menyejukkan mata jadi gak ngebosanin.
Sayang sekali ketika datang kolam renang untuk anakny kotor.tempatny lumayan luas.biaya masuk untuk renang 25rb/orang.tidak ada sewa ban.alat renang ataupun baju renang dijual di sini.untuk rasa makanan cukup enak,mengingat ini adalah restoran yg sudah lama berdiri.jual es krim korea Bingrae juga di sini
Gurame bakar kecap terbaik. Kolam renang luas, tapi better enggak berenang sih saya soalnya airnya kotor.
Tempat makan dan berenang yg mengasyikan.. mantap
Di belakang ada tempat bagus utk rekreasi. Cocok juga utk wedding outdoor. Ada kolamnya
Kesini nganterin anak les renang sih ğŸ˜ Kolamnya luass bangett , anak aku berenang disini sama guru private jadi aman & terjaga. Kamar mandi diresto ini bersih ğŸ’¯
Resto keluarga, ada kolam renang, dan danau buatan untuk mancing, parkiran luas. sedikit saran saya ikan target pNcingannya ditambah varietasnya, misal peacock bass, rtc dll. Bawal pacu yg sakit dan kelelahan di sortir juga biar semvuh dulu kasian sariawan gigit kail, tongsampah perlu disebar soalnya banyak yg buang sampah area sekitar kolam sembarangan. Dan karyawannya rutin membersihkan, karena jarak seminggu saya mancing disitu sampahnya masih ada...
Tempat nyaman dan bersih, akses jalan baik dan lancar di tengah kota, parkir luas, makanan enak semua..udang bakar madu nya recommended, gurameh nya enak dagingnya tebal dan tidak bau atau berasa tanah / pasir,ayam goreng kremes dagingnya empuk..untuk citarasa masakannya enak..kolam renang luas dan bersih, ada area untuk anak-anak, ada danau yang besar dan luas..area makan ada indoor,outdoor,dengan kursi dan lesehan.. Cocok untuk bersantap bersama keluarga, untuk pertemuan atau arisan atau pesta juga bisa.
Rasa udang bakar enak banget!! Tapi minuman kurang banyak pilihan. Tidak ada jus. Kolam renang kurang terawat, terutama yg buat anak2. Akan lebih bagus kalau lebih bersih lagi.
Yg lbh penting, ibu & kelg suka tempat & makanannya. Next time ibu sy pgn lg kesana ğŸ˜ğŸ˜ğŸ˜
Acara keluarga, acara komunitas, acara kopdar, disini lengkap deh pokoknya, yg punya hobbi mancing dengan varian ikan yg banyak, bikin kalian puas maen disiniğŸ˜€ğŸ˜Š
Tempatnya luas. Bukan sekedar resto, tetapi juga menyediakan tempat yg asik buat gathering. Kolam renang yg luas dan bersih. Kamu bs makan dengan menikmati indahnya pemandangan danau yg asri.
Tempat makan asyik dekat dengan kota, kolam renangnya bagus, kolam untuk anak juga menarik, area danau untuk main becak air luas dan bagus banget, menu makanan beragam, udang bakar madunya juara!
Sebetulnya tempatnya cozy dan luas, hanya konsepnya antara kolam renang dan restonya jd gak dpt, pelayanan juga lama.
Banyu Mili resto, resto yg memiliki design klasik modern dengan makanan olahan yg super enak untuk semua kalangan cocok untuk acara kumpul kumpul wes pokoke mantab.  Lokasi ada di jalan Godean agak masuk di komplek perumahan, area hall cukup luas, ada kolam pancing area main anak dan lain lain.  Untuk menu jangan di tanya lagi sudah pasti juara. Untuk harga ya cukup lah untuk mendapatkan rasa yg seperti itu. Jangan lupa kalau main ke Jogja untuk mampir kesini.
tempatnya okeeee ğŸ‘ apalgi kalo bawa anak , pasti seneng . buat foto juga  mantep. masukannya , makanan sama minuman nya tambah divariasi ajaa ğŸ˜¬
Tempatnya luas cocok utk acara keluarga, wedding event, company gathering, community gathering. Ada kolam renangnya, makanannya enak dan harganya reasonable. Tempat parkirnya luas. Satu2nya tempat yg ada danau ditengah kota Yogyakarta
Airnya bersih tempatnya super  luas dan sangat nyaman
Tempatnya nyaman, bisa buat wahana main keluarga juga.
Makanannya enak, tapi lama nunggu makanannya datang. Pelayannya keliatannya cuma sedikit, susah ditemui. Pesanan saya ada yang terlewat ngga kecatet, udah keburu abis nasinya baru ketauan. Es lemon tea nya asemmmmm buanget. Suasanya kurang nyaman Karena gabung dengan kolam renang, agak becek jadinya. Kesannya kumuh karena ngga ada OB terlihat untuk bebersih atau ngepel.
Place: good especially for gathering w/ fams Price: average to expensive Taste: ok  Saran: musholanya bisa diperbaiki/ diperluas
Tempatnya bersih dan nyaman, disini kita bisa melihat view danau buatan dengan banyak ikan dan angsa. Walaupun letaknya dikeramaian kota tetapi tetap terlihat asri
Tempat yg nyaman untuk refreshing keluarga, bisa mancing makan dan berenang juga
Tempat makan yang luas, ada kolam renang, unik, karaoke, menarik untuk di kunjungi
Tempatnya nyaman cocok untuk acara keluarga dan makanannya enak kualitas sama dengan harga
Makanannya enak dengan harga yang terjangkau. Ada kolam renang, jadi anak bisa berenang dulu sambil nunggu makanan dateng.
Asyik banget abis renang langsung makanğŸ˜
Buat mancing cozy, makanannya juga enak enak .. Spot luas .. Makan bareng keluarga oke   ..
Indah bgt berasa kolam pribadi apalagi pas sepii  tempat nya nyaman
Saya di undang di Banyu Mili Resto. Acara Syawalan Trah Bani Ketib Cendono. Tempat bersih. Parkir luas. Saya doakan usaha kuliner ( RM)  Ya Hanan Ya Manan Ya Fatah Ya Rozaq Ya Ghoniyu Ya Muqni.Semakin laris banyak pelanggan. Aamiin
Menunya enak, ada kolam renangnya, ada kolam untuk rekreasi mancing dan becak air.. Lokasi dalam ring road kota.. Cocok untuk keluarga.
Tempatnya luas banget, makananya enak dan yang pasti bisa buat foto-foto. Oiya ada kolam renangnya juga disini. Paling cocok menikmati sore hari sambil menunggu makan malam
Banyumili resto tempat yg nyaman utk acara temu.kekuarga teman, tempatnya asri, makanannnya enak, mantap..
Tempatnya menarik dengan pemandangan yg indah,  pelayanan nya ramah, dan sangat memuaskan
Tempatnya sangat luas, ada taman, kolam renang, jadi cocok buat acara bareng keluarga. Makanannya juga enak-enak semua
Tempat pemancingan, resto, dan kolam renang yang menyenangkan untuk kumpul bersama keluarga atau teman kantor.
Tempatnya enak, petugasnya ramah banget, enak buat kongki keluarga, tempatnya luaaaas bisa pilih sesuai selera
Tempatnya sejuk, family and kids friendly, masakannya enak. Apalagi ada kolam renangnya, cocok untuk berakhir pekan
Tempatnya asyik nyaman buat anak2..menu makanan dan masakannya enakğŸ˜
Tempat okk. Makanan ok. Pelayanan bagus. Suasana okk. Cuma satu yg agak mengecewakan di spot mancing nya aja, kebanyakan Red devil, ikan pengganggu, jadi kurang puas rasanya, jauh dari ikan target. Sarannya di spot mancingnya, ikan rusuhnya/red devil di basmi/ di habiskan perlahan lah, supaya pemancing juga puas, krna jujur kalau untuk spot nya memang istimewa.
Resto dengan pemandangan danau yang sejuk. Area parkir luas. Ada kolam renang, sangat cocok jika mengajak anak-anak ke sini. Menu makanan gurameh fillet dan udang bakar madunya enak. Tersedia musholla, namun sayangnya kurang terawat. Sebagai masukan: karpet dan alat sholat mohon dibersihkan berkala.
Tempat yang sangat luar biasa indah. Ajak gebetanmu, selfie sebentar, ngobrol sebentar sambil menunggu pesanan datang. Setelah itu, tembak dia. Benar2 tempat yang romantis untuk berdua. Atau ajak calon mertuamu kesini. Ajak juga adik pacarmu. Bermain air sebentar. Pesan menu udang2an (menurut saya paling recomended ya menu udang). Dijamin besok calon mertuamu sms kamu ngajak nyari tanggal yang baik.
Enjoy, nyaman, kalo malem sepi jadi kayak private dinner sama keluarga haha ğŸ˜„ğŸ˜„ kalo buat nyari tempat seafood enak dan murah nggak recommended. Cuma kalo buat suasana dan makanan enak si recommended â˜º
Tempatnya bagus utk acara keluarga,.harga makanannya juga relatif murah dgn rasa yg enak. Pelayananannya ramah dan fast respon.
Tempatnya luas. Ada jolam renang dan kolam yg luas buat mancing. Makan di pinggir kolam dg suasana yg nyaman. Menu banyak pilihan dan makanannya enak.
Hmmmm..suasana lumayan, makanan nanggung rasanya kurang sedikit lagi maknyuss pelayanannya juga kurang greget.. tempat sampah penuh tidak otomatis dibuang membuat suasana makan kurang nyaman
Tempatnya indah dengan pemandangan taman2 , luas,  nyaman, sejuk,  ada kolam renang juga besar,  parkiran juga luas,,,makanan enak sekali,  bersih,  pelayanan ramah dan cepat tersaji
Udang madu bakarnya enak dan guramenya tapi cah kangkungnya banyak batangnya kwkwkew
Piknik bersama keluarga maupun kolega. Makanan lumayan recomanded Akan datang lagi di kesempatan berikutnya,
Tempatnya sangabus dan makanannya juga enak Fasilitas renang lengkap tersedia perlengkapan renang juga
Tempat luaassss...fasilitas lumyan lengkap,mulai ruang meeting,kolam renang,mushala,hingga pemancingan ikan dan penangkaran udang..cukup memuaskan.
Worthit, sayang musholanya jauh, tp lumayan sambil jalan2 lewat kolamnya
Tempatnya enak, luas, parkir gampang. Tp menunya gk terlalu istimewa
Selain makanannya enak,  tempat ini juga menawarkan kolam renang dan kolam pemancingan sebagai alternatif rekreasi bersama keluarga.
Tempatnya nyaman n bersih...aman tuk anak2
Berkali kali kesini gak pernah bosen sih. Tempatnya friendly buat anak dan keluarga...meski tetep yaaa kudu ekstra pengawasan buat bocil2 aktif karena ada danau dan kolam renang  Makananya juga enak2...favorit udang madu ama mie goreng seafood yang selalu jadi andalan pesan kalo kesana
Menyenangkan, tempat untuk keluarga bagus dan cozy
Kolam renang dan restoran dalam perumahan. Masuk makan free, renang Rp20.000,00. Ada danau buatan. Tempat cukup menarik. Makanan biasa saja.
Rekomendasi banget buat bukber ber ramai-ramai sama teman nongkrong, kantor, big family karena luaaas, apalagi buay selfie TOP.. & ada spot kolam renangnya.. Masakannya juga rekomended..Kereeen
Gurami bakarnya enak, nasi gorengnya enak.. Bisa renang bayar 20rb per orang
Bagus utk kel yg pngin nyantai bw anak2. Renang oke, resto oke, hrga trjangkau
Tempat nyaman ,cocok buat keluarga,ada kolam renangnya,makan nya juga mantab.
Tempat luas .ada kolam renangnya cocok untuk acr acr besar dan keluarga
Enak..gak mahal bgt, bersih, luas, ada danau buatan & kolam renang, parkir luas..
Anakku seneng main air. Kebetulan di banyu Mili anakku belajar mengenal kolam renang. Dan harga tiketnya murah dengan fasilitas yg ada.
Tempatnya luas, ada danau, kolam renang. Bisa mancing dan makan di area danau. Harga makanan yg standar resto dan enak
Tempatnya nyaman luas, enak di pinggir embung, tapi tolong masakan ayamnya gmn caranya supaya ayamnya ga terlihat darah atau merah2 di bagian daging yg melekat di tulangnya...
Anak saya sangat senang berenang disini...murah dan tidak terlalu ramai meskipun hari libur, setelah berenang bisa mancing di danau sebelahnya
Komplit deh,, ada kolam renang, ada pemandangan bagus,  makanan lumayan enak, ada arena mancing,
bener bener tempat yg nyaman untuk keluarga...sambil makan sambil nemenin si kecil mainan air...nice â­
View nya bagus. Kolam renangnya jg lumayan.
Maaf tp buat saya emang suasana nya aja yg oke. Luas ya sekarang areanya.. Baru tahu juga kalau resto emang tutup jam 19.00, jd menurut saya untuk makan malam family gak rekomen. Makan belum kelar udah ditungguin mbak/mas nya buat diberesin.. Makan jd kurang nyaman ya. Gak begitu minat sama pool nya juga, karna bisa renang sambil diliatin orang makan hahaha. Kamar bilas dan kamar ganti..agak gelap atau krn sy datang sdh sore ya? Rasa makanan biasa saja. Katanya udah bakar madu enak..tp gak yg seenank itu juga. Saya tdk berkesan pd makan/minumnya. Maaf tp ini jujur ya ğŸ™
Masakan standar yang kurang bervariasi dengan harga menengah ke atas namun memiliki fasilitas kolam renang yang luas dan nyaman.
Tempatnya oke, kolam renangnya jernih dan tdk bau kaporit menyengat, rindang dan makanannya enak.
Menu dan harga ok... Rasa  top banget...
Pesan makan, tp nasinya lama. Sampai lauk udah habis. Renang, air bilas mati tanya petugas lempar2 ke petugas lain. Payah banget lah
Ini resto best banget, mulai dari makanan enak, harga terjangkau, staff helpful, suasana pinggir danau bisa, pinggir kolam renang bisa, semua nya mantaap
Saya suka kesini klo hari2 biasa,bebas serasa kolam milik sendiriğŸ˜‚klo weekend rame bgt kurg suka aja.
Harga untuk menengah ke atas. Info saja siap siap bawa uang mulai dari 500rb. Tempat nya enak. Kolam renang bagus. Seger
Tempatnya luas, bagus. Makanannya juga enak.
tempat yg menyenangkan utk makan dan rekreasi,,kolam renang yg terpisah antara dewasa dan anak-anak memudahkan ortu mengawasi anak mereka berenang ato sekedar bermain air.
Sejuk, segar, maknyuss poll dan menyenangkan...
Jauh dari ekspetasi. Pelayanan yang buruk. tempatnya juga jauh dari bayangan. Rasa makanan yang jauh dari standart untuk restorant yang sudah punya nama. Tisu tidak ada. Minta dengan pelayan,menunggu lama tapi juga tidak datang. Saat mau membayar juga antrian tidak jelas. Sangat mengecewaka.
Enak buat acara besar, family time, masakan nya juga enak
Belum bisa menilai makanannya, karena sesaat ketika masuk memutuskan tidak jadi makan di sini kurang cocok dengan vibesnya yang sangat jadul dan kuno, perlu renovasi dan pembaharuan. Tempatnya sebenarnya luas, di samping ruang makan terdapat beberapa kolam renang yang cukup menarik. Belum sempat melihat lokasi memancingnya karena sepertinya harus turun ke bawah.
Tempanya enak nyaman. Makananya enak enak.kolam renangnya .ada tempat buat mancingnya
tempat yg nyaman bgd buat keluarga, makanan enak, pelayanan oke bgd
Sangat memuaskan komplit ada kolam renang dll
Air kolamnya alami makanan nya jossh udangnya mantap tmpt mancingnyabjg asyikkk cocok utk tua muda dan anak
Tempat nyaman viuw sangat bagus kolam renang ckp luas dan makanany jg nyamiiii...
Tempat yg enak buat keluarga dg anak2 kecil
Cukup enak. Pengen renang di sana cuma belum sempet. Makanan cukup okelah. Cocok buat keluarga. Luas
Restoran yang gak cuma restoran, ada kolam renang, kolam ikan, dan lain-lain. Menunya banyak pilihan seafood, penyediaannya ga terlalu lama, bisa buat kepo keliling-keliling dulu sambil foto-foto. Minumannya juga banyak pilihan. Makanannya fresh dan enak rasanya, lebih enak kalau kesini bawa keluarga besar karena areanya besar banget. Anak kecil pasti seneng kalo sambil renang, beli tiket sekalian di depan, jangan lupa bawa baju ganti, di belakang ada danau besar, bagus buat foto-foto. Ada ayunan juga. Pelayanan ramah, sering ada promo, parkiran luas, tersedia mushola dan toilet.
Tempat nya ada kolam renang. Oke banget buat ajak keluarga.
Renangnya murah 25rb aja. Anak udah seneng. Bihun goreng dan nasi gorengnya enak.  Cuman kamar mandi aja yg kotor
Nyaman...buat anak2 OK...masakan enak..ğŸ‘ğŸ»ğŸ‘ğŸ»
buat para pemancing ini tidak nyaman sekali..harus ninggal KTP segala,,kami di banyumili hanya pengen mancing malah seolah2 kami mau ke hotel pake ninggal KTP segala...dan untuk aturan nya terlalu ribet beda sama resto sebelah yg fleksibel untuk aturan mancing...teman saya pernah di maki maki sama mbak kasirnya krna dikira tidak mau bayar padahal dia mau beli voucher mancing saja... mohon untuk di benahi untuk sistemnya supaya para pemancing bisa nyaman dan bisa betah di banyumili... terima kasih
BUAT SIAPAPUN YANG MENEMUKAN JORAN PANCING TENGGELAM WARNA KUNING TOLONG HUBUNGI saya!
Tempat nya enak buat quality time sama keluarga,rapat arisan cocok bgt,
Seneng sih pas ajak anak kesini , pelayanan Ramah dan baik , saya kesini karena suka mancing dan untuk memancingnya mantab bawalnya besar besar cm sayang sekali banyak bgt ikan red devilnya  yg sangat mengganggu dan sayang nya mancing cm sampai jam 18:00 , buat tambahan aja kak , meja di area mancing tolong jg disediakan lilin pas dipakai customer biar lalat nggak mendekat , trs juga tambahin stok buat serok ikan nya dong , atau ketika pas ambil paket lgs diberikan jg serok ikan dan setelah selesai wajib dikembalikan , karena ikan bawalnya besar sulit kalau gak pakai serok dan serok ikannya jauh . Ok , smoga masukan saya diperhatikan ya kak , terima kasih  .  Â³
Resto yg ada kolam renangnya. Jual baju renang, kacamata renang, dll ada eskrim enak yg tidak dijual di indomaret/alfamart
Makanannya agak kurang sih menurut ku tapi tempatnya lumayan anginnya sepoi2
Tempatnta enak buat bikin vidiooooo, masakannya juga enakkkkk!! ğŸ¥°ğŸ¥°
Tempatnya sangat luas, bersih, tapi terkesan sedikit jadul ya karna memang resto ini sudah berdiri lama, ada fasilitas kolam renang dan kolam pancing yg luas. Makanannya enak enak, apalagi menu gurame dan udangnya. Untuk romobongan disarankan reservasi terlebuh dahulu biar pelayanan lebih sat set.
Great place to spending time with family, friend and colega (tempatnya asik dan makanannya enak banget...jempoll)
Tempatnya luas bisa buat bis jg, ada kolam reanang & pemancingan
Tempatnya sangat indah..cocok utk foto2..rasa makanan cukup sesuai dengan harganya
Selalu nyaman,apalagi bawa anak2.kali ini bawa temen2 kerja.sukses terus banyu mili resto,berkah untuk semua
Tempat cocok untuk berakhir pekan dengan keluarga...
Datang ke Banyu Mili Resto karena ingin mancing ikan bawal yang katanya besar-besar tapi selama mancing yang banyak makan ikan red devil. Sekedar masukan saja mungkin bisa dihilangkan untuk ikan red devilnya dan ditambah lagi untuk bawal yang besar-besar terima kasih
Resto yang mudah dijangkau di Kota Jogja, makanan enak, tempat luas bahkan ada danau untuk pemancingan ikan
Bicara soal aksesibilitas tempat ini banyak rampnya. Sehingga memudahkan pengguna kursi roda bergerak ke pelosok sudut.
tempat asyik buat santai bersama keluarga.
Suasana tenang,makanan jg enak
Resto, swimming pool, fishing valley.. Cocok untuk kumpul keluarga. Tempat nyaman banyak spot buat foto2, makanan enak
Buka puasa di Banyu Mili dapet free takjil, makan kenyang, aman sesuai protokol kesehatan dan pemandangannyaaa... mantuups!
Menyediakan makan halal yang lezat dan arena kolam renang yang nyaman
Harga sesuai dengan suasana tempat yang di suguhkan. Luar biasa ğŸ‘Œ
Lumayan rasa masakanny..parkirny luas..cm pas ksini lp bawa baju ganti..cocok bt ngumpul bareng tmn2ğŸ˜‚
Tempatnya enak nyaman utk bersantai dng keluarga, sambil nunggui anak2 berenang
Tempat yg cukup asyik kumpul kumpul arisan dan meeting halaman luas .
Masukan utk table # 16 perlu dipikirkan kenyamanannya krn sering dipakai utk wira/i mentas, pdhal kami sdg makan, dan jembatan penyebrangan utk trjun bebas, jd air muncrat ke makanan dan tdk safety; mungkin bs ditambah pagar atau papan peringatan.
Setiap jumat ke3 kesitu mengikutil PD.Haleluya.
Udang Mantapppp.. Renang asyik
Favorite... Gurameh Bakar Kecap dan Udang Bakar Madu ğŸ¥°ğŸ¥°ğŸ¥°  Menjadi tempat favorite bersama keluarga.
Tempat enak, makanan juga enak meski porsi mungil. Tp worth lah harganya dengan kantong saya.
Tempatnya oke,sambil nunggu anakberenang makan nasi gorengnya mak nyussss ğŸ‘ğŸ‘ğŸ‘ğŸ‘
tempat yang asik buat anak-anak, menu udangnya nambah 2x
Tmpt yg OK untuk ivent2 . . Makanan yg OK ğŸ‘ Hrg yg worthed juga ğŸ‘ Lokasi parkir luaasss bnget . . Suasana juga keren . . Ada kolam renang tmpt bermain anak2..
Tempat makan sambil berenang... Buat foto2 jg oke.. Renang hari biasa bayar 20k
Menu makanan yg di sajikan enak , area luas
enak buat kumpul dan makan makan, apalagi tempat yang dekat kolam, pemandangannya bagus
Suasanya nyaman, pelayannya ramah n menyenangkan n makananya lezat
Tempatnya nyaman, bersih, bisa mancing juga..pokoknya recommended
Kesini karena anter privat berenang. Untuk tempat luas banget, parkir berbayar. Masuk untuk berenang bayar Rp 20K/orang, kalau ngga bawa baju renang bisa beli baju renang on the spot. Tempat makan cukup bersih, makanan enak. Hanya yang perlu diperhatikan pada kebersihan peralatan makan. Beberapa kali beli minuman, gelasnya bukan kaca jadi agak kusam, dan basah sepertinya habis dipakai dicuci lalu dipakai lagi untuk disajikan. Selain itu harga makanan terjangkau banget.
Tempat makan yang sekaligus bisa ngaterim anak-anak bermain airrrrrrr
Tempat luas, nyaman buat bawa anak2, makanan terjangkau, nikmat di lidahğŸ¥°
Luas dan bisa ajak anak berenang, klo makanannya ya gitu lah standar .. yg jelas kmrn sih ga berasa ada minusnya ksni (perut kenyang anak senang)
Nekmat karedoknya, tumis kangkung,ayam kremes dan gurame asam manis
Makan dengan view perenang
Menyenangkan dan begitu indah. Tapi makannya gak ada nila atau lele. Dan begtu juga harganya lumayan mahal. Hehehe taoii enak buat masakannya dan tempatnya
Kolam renang cukup kotor karena dedaunan. Sempet beli kacamata renang di sini. Kirain harganya ga jauh beda, tapi setelah kita cek di toko online ternyata harganya 2x lipat lebih mahal dr harga di toko online. Nyesel tapi dah terlanjur. ğŸ˜
Tempat kumpul yg sangat cocok bersama keluarga
Tidak untuk di ulangi ... harga diatas rataÂ² tapi rasa tidak enak sama sekali.. mahal klalau enak sich worth it.. ini sama sekali... Makanan tak ada rasa baik udang goreng  gurameh cobeknya,nasi goreng seafoodnya apa lgee amisssss pooll seafoodnya bau...  Tempat kotor bangettttt.... gelas kotor...kelapamuda nyaa sama yg pinggir jalan enakk pinggirr jalannn.... PENGALAMAN BURUK MAKAN DISINI....
Tempat Nyaman ,menu bikin Tuman.menyatu dgn Alam....Jozz Ganhozz..
Kualitas sangat menurun. Datang kesana restonya memang pas sepi, tapi setidaknya pelayan harus ada yang standby, ini dari nyari kursi sampe pesen makanan semua sendiri. Posisi jauh dari ruang pelayan, jadi harus jalan bolak balik buat pesen menu krn gaada sama sekali pelayan yg standby. Pas di ruangan pelayan juga ternyata pada sibuk main hp.. hadeehh. Terus untuk makanannya apes bgtt, zonkk. Cumi saos inggris dingin dan sangat tidak appetizer, liatnya aja geli. Gurame kecil. Paling mending cuma udang bakar madu. Dengan harga segitu akhirnya sangat kecewa karena pelayanan dan hasil masakannya. Semoga bisa berbenah dan menjaga kualitas, krn dulu ga gini gini banget ğŸ˜­ğŸ˜­ğŸ˜­
Tempatnya bagus lumayan enak lah masakannya,  recomended buat acara kumpul2/kopdar
Bisa berenang, menikmati santapan dgn nyaman bersama keluarga
Tempat berenang anak anak dan keluarga baik. Tiket murah . Tapi kita wajib memakai baju renang
Tempatnya nyaman, makanannya enak dan pelayanannya ramah. Gak salah makan disini.
Nyaman, kolam renang cocok buat anak2. Makanan enak. Service lumayan bagus. Hnya saja kebersihan kamar mandi kurang. Perlu sering dibersihkan. Wastafel perlu ditambah. Jgn hnya di satu tempat. Tempat luas.
Banyak spot foto yg bagus. Bagi para pemancing tarikan bawalnya lumayan.
Lokasi yang nyaman untuk menghabiskan waktu dengan keluarga. Bisa menepi sejenak dalam penatnya kota jogja.
Asik bisa renang
tempatnya bersih..nyaman..masakan nya cukup enak...ğŸ‘ğŸ‘
Tempat luas nyaman makanan enak ya sesuai lah sama harga..
Tempatnya sejuk,nyaman. Makanannya okeğŸ‘
tempat makan paling enak, bisa buat momong anak. emak nya makan,, anaknya renang ğŸ˜†
Nasgor nya selalu enak,habis renang
Awal masuk rumah makannya kaget karena letaknya masuk perumahan elite. Depannya biasanya ajaa sprti rumah makan pada umumnya tapi setelah masuk terkaget-kaget ternyata tempatnya besar & luas banget.  Buat acara2 dengan teman juga pas, tempatnya luas & hawanya syahdu. Cocok banget kalau bawa anak2 karena ada kolam renangnya, biayanya juga murah *kalau tidak salah 20-25ribu sepuasnya* Dan sangat merekomendasikan tempat ini untuk berbagai acara. Pasti akan balik lagi ke tempat ini.
Mantul..ayam kremesnya anak-anak pada suka
Enakkkkkk, tempatnya luas ada kolem berenang & spot mancing
Nyaman makanan enak saya makan mie goreng seafood
Numpak renang untuk anak,kolamnya aman nyaman,dilengkapi wahana,menu makan mantab.
Tempat luas, kolam renang besar untuk dewasa dan anak2. Kolam dewasa dengan kedalaman 100&120cm.sedang kolam anak 60cm. Di sisi timur terdapat danau buatan yang dapat digunakan memancing yang sudah dilengkapi kursi dan meja. Sangat direkomendasikan  untuk berlibur bersama keluarga. Karena sangat luas tempat ini juga dapat diginakan untik acara besar seperti pernikahan.
Tempatnya nyaman luas, ada kolam renang nya , masakannya juga enak.
Bisa mancing ikan bawal jumbooo n lele seukuran kaki orang dewasa..
Tempat cocok untuk reunian atau memggelar acara bersama
One of best place to have a good food while swimming or just having fun on the water with your kids. Tempatnya luas dan ada beberapa kolam renang yg bervariatif mulai dari utk dewasa hingga anak2. Untuk berenang, langsung daftar ke kasir utk bayar 25k per orang yg mau renang. Untuk kualitas makanan, beneran nagih. Semuanya enak dan ga ada yg mengecewakan. Di bagian belakang area restoran ada danau yang bisa dipakai mancing dan utk makan lesehan atau di booking utk acara juga bisa.
Olahraga sore rame sklian selpi2 temptnya cukup menyenangkan ğŸ’ƒğŸ’ƒğŸ’ƒğŸ¤—ğŸ¤—
Tempat semakin luas dan makanan enak mantab
Tempatnya sangat nyaman. sambil menunggu anak-anak berenang,kita bisa menikmati makanan
Tempatnya bagus, cocok buat keluarga, acara, pertemuan, dll. Sayangnya pelayanannya yang kurang maksimal, kayak keteteran, udah booking buat acara, pas waktunya makan, eh yang di display kurang gak sesuai pesanan, ternyata masih ada di dapur, pas isi ulang udah banyak yg pulang. Duuuh
Suka sama makanannya, cuma kurang suka sama beberapa pegawai nya yang kesannya kayak meremehkan pembeli.
Area luas tempat sejuk ,kolam renang airnya bersiiih
Tempat sangat luas. Makanan biasa saja.
Cocok untuk liburan bersama keluarga..udara sejuk kolam renang bersih.. Tempatnya luas...pelayanan cepat dan rasa makanannya juga enak....
Kecewa sekali dg pelayanan yg jaga tiket kolam renang,sdh jauh2 dr rumah ke banyumili sekeluarga mau berenang tp ternyata disana tdk boleh memakai kaos,namun mbk2 yg jaga loket sangat tdk ramah sperti menyepelekan kami sekeluarga,cukup sekian dn tdk mau kesana lagi ğŸ™
Menu makanan enak..tempat nyaman harga tidak mahal..pelayanan baik
Tujuan saya kesini untuk mengajak anak berenang, tempatnya nyaman untuk menjaga anak berenang, cukup membayar 20.000 bisa berenang sepuasnya. Makanan juga cukup enak, harga setara cafe/restaurant biasanya. tempat parkir luas.
Nice place.. relax.. mancing..renang..komplit deh..!!!
Weh recommended bgt untuk bawa anak2 pas liburan. Kolas renang luas banget. Makanan enak2. Kamar mandi bersih kamar ganti bersih.. Dan bisa banget klu mw ngadain acara kumpul2. Ada danau nya juga. Bagi yg hoby mancing. Di situ tem4 nya. Jdi sekali kesana hoby semua kluarga terpenuhi komplit plit
Mantapp enakk makanan nya,untuk kebersihan lebih ditingkatkan,service mantap
Resto keluarga,,ada kolam renangnyağŸ‘ğŸ‘ğŸ‘
Gut, luas, makan enak, parkir luas
Tempat ternyaman untuk makan bareng keluarga, selain tempatnya yang memberikan pemandangan yang bagus. Tapi pelayanan cepat. Ada fasilitas bebek kayuh juga
cocok untuk family gathering, ada tmpt berenang juga, tmpat mancing juga ada.. tiket renang 25rb, mancing 250rb utk 2 orang dpt makan jg kalau tdk salah.. menu beragam.. boleh dicoba
Tempatnya bagus untuk berfoto bersama keluarga dan makanan yang disajikan beragam ğŸ‘ŒğŸ¼
Makananya enak tempatnya bagus ada kolam renang
Masakan enak, tempat nyaman ada kolam renang rekomendasi buat keluarga. Yang bikin mengganjal satpamnya menarik pungutan 5000 keluar dari area parkir padahal sama sekali tidak mencarikan tempat atau mengarahkan.
Wahana air nya bagus kolam renang segala usia dari yg balita sampai bawah lima puluh tahun, di bawah gak kalah luas bisa buat acara nikahan dll, bisa lesehan dan pakai kursi kaya ada danau2 an nyaman pokok nya bisa juga kasih makan ikan bagus pokok nya, makanan rasa nya juga enak
Resto yang representatif buat makan semua keluarga, meeting, seminar dll dengan added value fasilitas swimming pool.....
Suka sekali.bisa renang...makananya enak2
Sekarang tempat lebih luas dan lebih nyaman, udang madunya masih tetap mantap..
Berenang anter anak... Lumayan nyaman tempatnya... Kolam juga cukup bersih... Tempat bilas ada..
Rumah mkn yg ada kolam renangnya..tempatnya luas,masakan enak2..terdpt meeting room yg bs memuat ratusan orang..
Tempat pemancingan yang cukup luas kolamnya dan lumayan asri suasananya. Untuk pecinta strike ikan bawal tempat cukup untuk di jadikan referensi. Dengan umpan kelapa yang tidak terlalu tua akan lebih tahan dan aman dari sergapan ikan nila. Selain kelapa umpan tempe juga cukup wort it untuk strike ikan bawal hanya saja akan sering sekali reload umpan di makan ikan nila. Bawal nya masih banyak yang baby, tidak jaring atau serok jadi susah saat strike untuk mengangkat ikan.  Menu makanan rasanya biasa saja malah ada yang kurang matang untuk menu udang madu, lebih enak masakan istri saya. Pelayanan lebih di tingkatkan lagi lebih ramah lama lagi, equipment kolam di perhatikan dan di tingkatkan.  Sukses...
Nyaman buat bersantai bersama keluarga,udang madu nya nyuss...Enak tenan ğŸ‘
Menu enak, utk harga mmg mahal sebab udah jd branded. Kolam renang lumayan luas tapi sayang....cetek alias dangkal gak enak buat renang orang dewasa. Danau pancingan mostly ikan bawal besar2 tp gak boleh dibeli, hrs di release lagi. Alat pancing bawa sendiri, sewa serokan 20k.
Tempat favorit untuk keluarga.masakannya enak... Tempat nyaman
Pas buat kumpul sm keluarga ato tmn2..berenang bs..ngadem d tepi danau jg bs..
Makanan enak, tempatnya nyaman
Tempat menyenangkan.. ada kolam dan arena bmain anak2..
Masuk ke kolam bayar 25rb/orang. Wajib pake baju renang. Masakannya enak sih, tp porsinya sedikit untuk harga segitu, jd kesannya agak mahal. Ini subjektif aja ya, lumayan buat sesekali, kalo sering2 ksini ya boros. Toilet agak kotor, sabun cuci tangan sudah hampir habis blm diisi. Karyawan ramah tp kurang gercep.
Tempatnya bagus. Ada kolam renang anak dan dewasa. Di bawah ada danau kecil yg banyak ikannya. Ada perahun bebek yg bisa disewa. Juga tempatnya sangat luas, bisa untuk lari2an anak anak. Hanya saja kolam renang sedikit kotor karena banyak yg makan sambil main air air, jadi banyak makanan yg tercecer di kolam. Harusnya ada himbauan untuk tidak makan di area kolam. Kalau mau makan ya keluar dulu dr kolam renang. Jg kalau mau berenang harus bayar sekitar 30ribu, padahal makanan disana cukup mahal.
Tempatnya nyaman dan yang terpenting makanannya enak
Senang dgn menu yg ada, ayam kremes dan gurame bakar madunya ğŸ‘
Salah satu yg jadi nilai plus adalah bisa renang di tempat ini. Hehe
Santai sore makan sambil ajak main bocil berenang. makanan Alhamdulillah enak, bumbu belum meresap maksimal ke daging ikan, mungkin marinasi sedikit lebih lama hasil lebih mak nyus. Danau bawah sepi. Mungkin perlu digiatkan acara lomba mancing atau acara lainnya. Thank you
di sisi lain memang view lumayan, tapi agak pricey dibandingkan tempat lain, kualitas makanan pun kurang.
Masakan enak,ada kolam renang,pemancingan dll
Resto dengan kolam renang yg cukup baik. Harga makan atau minumnya ya cukup wajar untuk ukuran resto si. Tapi sayang air kolam renangnya kurang maintenance. Keruh airnya bahkan pernah sampai ijo warnanya ğŸ˜±ğŸ˜± mungkin owner-nya lebih di perhatikan aja keluhan semacam ini ğŸ¤©
kaporit nya kurang banyak harus nya sampe air nya jadi warna abu-abu aja biar rambut pengunjung pada rusak
Tempat makan dan kumpul-kumpul yang menyenangkan dilengkapi kolam renang dan wifi.
kurang wortit. untuk harga dan rasa
Tempatnya sangat luas banget...ada danaunya yang luas bisa untuk mancing. Ada kolam renangnya, cuma di liburan panjang Agustus 2020 kolamnya ga buka lagi diperbaiki. Soal rasa sangat enak, yang juara memang udang bakar madunya. Soal harga standar dengan porsi yang didapatkan. Yang harus ditingkatkan lagi kecepatan melayaninya, ga rekomendasi buat yang sudah lapar berat ğŸ˜
Tempatnya menyenangkan, nampaknya lebih menonjol sebagai tempat wisata dengan bonus kuliner daripada sebaliknya
Tempat nyaman, variasi menu cukup lengkap. Sangat rekomen buat kumpul keluarga, pesta keluarga, liburan keluarga baru dll, karena tempat cukup luas kapasitas table juga muat banyak. Area indoor dan outdoor juga tersedia.  Maaf, gak sempet foto. Terlalu fokus kumpul keluarga.
Tempat yang nyaman untuk renang dan mancing
Bagus tempat nya, wajib memakai baju renang
Tempatnya lumayan bagus dan suaaaaangat luas.. Jika konsepnya dibuat lebih keren lagi.. In syaa Allah banyak pengunjung nya..  Buat yg pengen merasakan kolam renang pribadi.. Datanglah pada week days.. Cocok bersama keluarga..  Untuk makanan rasanya standar aja
Suka tempat nya enak sekalian  bisa buat renang ...
Tempatnya luas, ada danau, kolam renang. Anak2 pastilah suka. Yg mau berduaan jg byk tersedia tempat unt menikmati pemandangan dan makanan. Saya coxok dg udang goreng saos. Rasanya benar2 nyuss... Harga standar normal.
Masuk gratis, bgs spot foto, ramah, luas, lengkap.. walau mknan agak mehong... tetap recomended...
Tempat seru bersama keluarga.... Makannya enak bgt.....
Indah...sejuk...ada danaunya juga
Perpaduan resto, kolam renang dan pemancingan. Sarana wisata keluarga yang menarik
Udang bakar madunya enak
Biasa aja lahan memang luas mungkin lebih cocok untuk acara kantor atau kelompok kecil yang mau outbound. Restoran ada 2 lokasi masakan biasa aja rasa biasa aja. Banyak ikan d situ tp repot harus pesan 1 kg gimana klo 2 org ? Trs sop ikannya rasa ikan yg d simpan d freezer bukan fresh. Padahal di situ ada kolam penampungan. View ya seperti pedesaan aja gitu.
Pertama kali bukber disana (suasana malam), dapat meja yg disamping danau. Lampu tidak semua dinyalakan jadi kesannya gelap di tempat wudhu dan toilet. Apalagi pas melewati petilasannya.... Ayam goreng krispy nya enak. ikan bakar dan ikan gorengnya agak bau tanah. Mgkn bisa dibanyakin spot spot foto dg lampu2 meriah buat menarik generasi baru
Tempatnya nyaman untuk berekreasi bersama keluarga selain Resto dengan berbagai masakan dan minuman, tempat bermain juga kolam renang di saung yg besar disuguhkan kolam yg cukup luas untuk arena mancing. Masakan..oke View...nyaman, tdk berisik Harga...relatif Referensi untuk keluarga yg butuh penyegaran.
Tempat yang sangat bagus dan luas, ada kolam renang dan juga kolam pemancingannya juga. Cocok sekali utk ngumpul bareng keluarga dan teman. Makanannya enak dan mantap.... ğŸ‘
Makanannya enak, tapi agak mahal. Suasananya cukup nyaman, ada kolam renang, kolam pemancingan, resto samping kolam cuma kok rasanya sepi. Mungkin sebaiknya ada sound sistem, hiburan dan pelayanan yg lebih banyak.
resto ini sangat romantis, nyaman, bagus. tersedia toilet bersih. sangat cocok untuk makan bareng teman-teman maupun keluarga. terdapat kolam renang dan lokasi pemancingan. kalau mau renang dan mancing anda harus bayar. tarifnya relatif murah. mancing mania, mantap!
Tempat makan yang sangat nyaman untuk berkumpul dengan keluarga atau buat nongki bareng temen,, makanan enak enak pelayanan memuaskan  disini juga bisa mancing sama renang juga pokoknya hepi banget bisa kesini
Parkiran cukup luas, akses ke lokasi mudah, dekat pusat kota, tempat luas, ada kolam renang besar dan kecil, ada danaunya juga, arena bermain air sepertinya tidak setiap hari buka, harga dan rasa cukup lah
Saya suka nasi gorengnya dan juga ikan gurameh bakarnya.
tempat sangat cocok untuk bersantai bersama keluarga, teman/sahabat & pertemuan untuk berbagai event. Fasilitas cukup lengkap mulai dari kolam renang anak & dewasa, resto dg menu lezat udang/kepiting bakar madu, dll. Dibagian belakang bawah terdapat danau yg cukup luas dilengkapi dg sepeda bebek, sekitarnya bisa untuk berbagai acara keluarga, outbond, ataupun pesta pernikahan (garden party)
Ke sini antar anak les berenang. Kolam renang lumayan luas dan terawat. Ada buat luncuran dan ember tumpah. Kamar mandi memadai. Masuk kolam hr biasa 20rb, weekend 25rb. Tdk ada sewa perlengkapan renang, yg ada penjualannya sj.
tempatnya bagus, cocok banget buat keluarga. apalagi kalo udah malem, suasananya jadi lebih intimate. ada kolam renang juga, ngga besar, yang renang  cuma anak kecil dan sepi. ada meja buat sekitar 4-5 orang, <20 orang, ada tempat lesehan juga di deket danau/kolam. kalo makanannya, waktu kesana pesen paket yang buat 10 orang itu dapet ayam kampung kremes 2 ekor, gurame bakar 2 ekor, sate udang beberapa tusuk, lalapan, karedok, dan cah kangkung. udangnya cukup besar, pakai saus, rasa sausnya enak, tapi pas dimakan barengan udangnya jadi biasa aja, mungkin kurang nyerap bumbunya. ayam kampungnya enak,  kremesnya padat. kalo gurame bakarnya biasa aja. soal harga, menurut saya cukup pricey karena tempat ini cocoknya buat keluarga. kesimpulannya, tempat ini bagus di view dan suasananya, kalau soal makanan cenderung biasa aja.
Tempat makan yang cocok buat kumpul sama teman atau sama keluarga. Terdapat kolam renangnya juga. Bisa langsung makan kalau habis berenang. Ada juga stan yang menyediakan peralatan renang dari baju, kacamata renang, pelampung dll. Ada juga danau yang bisa buat memancing. Dan ada bebek bebekan yang bisa kita naiki keliling danau. Setiap satu bebek bebekan dikasih makanan ikan. Ada angsa juga yang kadang ngikutin kalo pas kita kadih makan ikan. Jadi sambil naik bebek bebekan sambil kasih makan ikan. View di sekitar danau juga bagus. Bagus juga huat foto foto. Terdapat ayaunan juga. Tapi buat rasa makanannya kurang, karena kemaren beli 5 nasi goreng yang 3 rasanya sama terus yang 2 rasanya berbeda, buat nasi goreng yang pedas cabainya cuma di potong aja gak ikut dimasak dan masih fresh jadi rasa pedasnya gak berasa di nasinya. Buat bihun gorengnya enak rasanya. Mbak mbaknya ramah.
Bagus buat momong anak/cucu tempatnya bersih, teduh kolam renang dg berbagai macam kedalaman....  Menyenangkan. Ada resto juga, tapi sayang baru siap setelah jam 9, kalau bisa lebih pagi minimal minuman dan gorengan pasti lebih sip
Selain kolam renang ,, resto ini menyediakan kolam buat para penghobi mancing gaees
Tempat makan bersama keluarga, ada kolam untuk berenang, kalau ga bawa baju renang bisa sewa di sana, ada tempat untuk memancing di danau nya (ada di sebelah bawah) dan cocok untuk rekreasi keluarga. Tempat luas bisa untuk segala jenis acara. Tempat parkir juga luas. Lokasi masuk ke perumahan. Makanan juga lumayan. Saran perlu perbaikan dalam pelayanan supaya lebih ramah terhadap pelanggan.
Pertama kali kesini buat mancing. Lumayan menyenangkan karena kolamnya luas, sayang ikan yang dipancing ga boleh dimakan. Bayar 100rb untuk mancing, nanti dpt voucher 100rb juga yang bisa dipake buat beli makan. Lokasi musholla kurang jelas, toilet barunya bersih. Parkir normal.
Makanannya enak, suasananya nyaman dan pelayanannya oke
Sementara saya kasih rating 3 njih. Tempatnya memang asyik untuk acara kumpul keluarga, gedung pertemuan nya juga luas, tapi sangat panas ruangan nya karena tidak ada AC
Baru pertama kali nyoba kesana buat berenang. Karena emg nyari kolam yg agak private. Not bad lah,asikk kolamnya,gak panas walaupun outdoor,buat ngumbar anak juga cozy. Sayangnya sy blm sempet nyobain menu restonya krn kmrn buru2. Recomended jg buat yg sukak mancing. Ada kolam ikan gede di bawah.
Meskipun di tengah kota tidak menyangka ada tempat makan dengan pemandangan yang bagus. pilihan tepat bagi pengunjung keluarga karena terdapat kolam renang, pemancingan di danau yang luas dengan view lahan hijau di sekitar danau, terdapat pula beberapa ekor kuda dan angsa menambah cantik landskap di Banyumili. Ketika orangtua sedang menikmati makan di pinggir kolam renang, anak-anak bisa berenang sampai puas dan tak perlu khawatir karena kolam renang ada yang dikhususkan untuk anak-anak.
Tanggal 5 Mei 2023, saya dine in di resto. Pesan ayam goreng, ada lalat digoreng bersama kremesan. Setelah komplain, diganti.. prosesnya tidak sampai 5 menit.. nampaknya cuma diambil lalatnya kemudian disajikan ulang.  Tidak ramah anak kecil.. resto sebesar ini hanya punya 2 baby chair.
Dekat rmh murah meriah klo cm mau renang aja, mkn jg lumayan murah dan enak
Nyaman...ada kolam renang bersih,sejuk dan spot foto keren
Ini restoran recommended utk kongkow-kongkow,, acara arisan, pertemuan keluarga atau reuni. Fasilitas nya tempat parkir luas, di pintu masuk disambut dg ukiran kayu yg unik, lalu ada resepsionis, krn ada kolam renang, disediakan juga toko khusus perlengkapan renang. Kolam renangnya pun juga ada dewasa dan anak-anak, tempat makan juga beragam (ada yg duduk dan lesehan, semaunya dekat kolam renang dan jumlahnya banyak, mau pilih di gazebo juga bisa), toilet bersih, ruang ganti juga bersih, musholla juga ada. Turun lagi ke bawah ada arena seperti danau, nuansanya lbh alam
Kl ada ruang berAC kapasitas ruangan keluarga lbh nyaman. Rasa makanannya enak, harga standar, cocok buat makan rame2, pelayanan ramah.
Resto yg berada di kawasan perumahan namun bisa dpakai untuk umum. Makanan nya pun tergolong enak dg harga yg pantas pasti puas makan dsini dg dsuguhi kolam renang yg bisa memanjakan anak2. Meski berulang kali kesini cm sekedar berenang utk anak2 tanpa harus menikmati hidangan. Harga tiket masuk utk berenang cukup terjangkau 20rb/anak, pengantar pun tdk harus bayar inilah yg membedakan dg kolam renang lainnya yg mewajibkan pengantar juga dkenakan tiket masuk. Senang sekali.
Bagus tempatnya, buat makan besar bersama keluarga cocok, ada kolam renang, jadi anak psti suka, pas kesitu pas lagi puasa pagi hari, jd masih sepi tempatnya... Harga dan pelayanan bagus dan murah, sesuai kok dikantong
Review: tempatnya bagus, lengkap, kolam renang , kolam mancing Joss gede banget, ikannya gede2 mantap,... Depositnya murah. Top+bgt+i dah...  Pass buat hiburan keluarga.  Minusnya ; makannya jgn mahal2 donk... Tp sesuai kok,.. sama menu yg di sajikan rasanya jg mantab.
Klo masuk resto ga bayar, Mantap rasanya, udangnya behhhh enakkk buah kelapa mudanya cesss seger, ada kolam renangnya mau berenang @15.000, ditaman belakang ada danau juga untuk main bebek2an, parkir lumayan luas, klo harga relatif mahal sie tp sebanding ma rasanya
Cocok untuk wisata keluarga,tapi tidak untuk yang low budget
Jika bawa anak, sangat recommended ksni, krna bisa berenang jg. Tempat nyaman n luas. Parkirannya jg sangat luas
Luas, parkir juga luas. Kolam renang anak menyenangkan.
menurutku ini tempat yang cocok untuk menghabiskan waktu bersama keluarga sambil menikmati hidangan yang lezat.di samping makanannya enak di tengahnya juga ada kolam renang yang bisa digunakan untuk bersantai
Menu byk variasi n enak, service nya jg ok utk tmpt makan bsama klrga nice deh, kpn2 mo ksana lg
tempat rekreasi renang sekalian kuliner yg pas buat keluarga...
Di resto ini suasananya enak bisa sklian ngajak anak berenang klo mau mkn disini dan bisa juga keliling danau kecilnya dg menggunakan bebek air. Menu favorite disini versi lidah saya yaitu udang bakar madu, nasi goreng seafoodnya juga enak, dan es kelapa muda utuh request dg gula jawa cair. Owya klo mau berenang dikenakan charge 20rb/org. soal harga worted sesuailah untuk makanan kelas resto seperti ini, tidak terlalu mahal tidak jg terlalu murah.
